NL,NL
Buy,Sell
0.0,10.0
0.0,0.0
0.0,0.0
0.0,0.0
0.0,0.0
0.0,0.0
0.0,0.0
0.0,0.0
0.0,0.0
0.0,0.0
0.0,0.0
0.0,0.0
28.0,0.0
0.0,0.0
30.3,0.0
0.0,0.0
0.0,0.0
0.0,0.0
0.0,0.0
0.0,0.0
0.0,0.0
0.0,0.0
0.0,0.0
0.0,0.0
0.0,0.0
0.0,0.0
0.0,0.0
0.0,0.0
0.0,0.0
0.0,0.0
0.0,0.0
0.0,0.0
0.0,0.0
0.0,0.0
10.0,10.0
0.0,0.0
0.0,10.0
0.0,10.0
0.0,0.0
0.0,0.0
0.0,0.0
0.0,0.0
0.0,0.0
0.0,0.0
0.0,0.0
0.0,0.0
0.0,0.0
0.0,0.0
0.0,0.0
0.0,0.0
10.0,10.0
10.0,10.0
10.0,10.0
5.0,5.0
0.0,0.0
0.0,0.0
0.0,0.0
0.0,0.0
0.0,0.0
0.0,0.0
0.0,0.0
10.0,0.0
0.0,0.0
0.0,5.0
0.0,0.0
0.0,0.0
0.0,0.0
0.0,0.0
0.0,0.0
0.0,0.0
0.0,0.0
0.0,14.9
0.0,0.0
0.0,5.0
0.0,5.0
0.0,5.0
0.0,0.0
0.0,0.0
0.0,0.0
0.0,0.0
0.0,0.0
0.0,0.0
0.0,0.0
0.0,20.1
10.0,10.0
0.0,0.0
0.0,0.0
0.0,10.0
0.0,10.0
20.0,35.0
0.0,0.0
0.0,0.0
0.0,0.0
0.0,5.0
0.0,0.0
0.0,0.0
0.0,0.0
0.0,0.0
0.0,0.0
0.0,0.0
0.0,0.0
0.0,0.0
0.0,0.0
0.0,0.0
0.0,0.0
0.0,0.0
0.0,0.0
0.0,0.0
0.0,0.0
0.0,0.0
0.0,0.0
0.0,0.0
0.0,0.0
0.0,0.0
0.0,10.0
0.0,0.0
0.0,0.0
0.0,0.0
0.0,0.0
1.0,0.0
,0.0
,0.0
,0.0
,0.0
,0.0
,0.0
,0.0
,0.0
,0.0
,0.0
,0.0
,0.0
,0.0
,0.0
,9.7
,5.0
,0.0
,0.0
,0.0
,8.5
,0.0
,0.0
,0.0
,0.0
0.0,0.0
0.0,0.0
0.0,0.0
0.0,0.0
1.0,20.0
1.0,20.0
0.0,20.0
10.0,40.0
0.0,0.0
5.0,5.0
1.0,65.0
1.0,65.0
10.0,30.0
0.0,0.0
1.0,16.0
0.0,0.0
10.0,95.2
0.0,32.0
0.0,0.0
0.0,0.0
0.0,10.0
0.0,0.0
10.0,0.0
0.0,0.0
0.0,0.0
0.0,0.0
0.0,0.0
0.0,0.0
0.0,0.0
0.0,0.0
0.0,0.0
0.0,0.0
0.0,0.0
0.0,0.0
10.0,10.0
12.6,0.0
0.0,0.0
0.0,10.0
9.7,10.0
0.0,0.0
0.0,0.0
0.0,0.0
0.0,0.0
0.0,0.0
0.0,0.0
0.0,0.0
0.0,0.0
0.0,0.0
0.0,0.0
0.0,0.0
0.0,0.0
0.0,0.0
0.0,0.0
0.0,0.0
0.0,0.0
0.0,0.0
0.0,0.0
0.0,0.0
17.6,0.0
0.0,0.0
10.0,0.0
0.0,30.0
0.0,10.0
0.0,0.0
0.0,0.0
0.0,0.0
0.0,0.0
0.0,0.0
0.0,0.0
0.0,0.0
0.0,0.0
0.0,0.0
0.0,0.0
0.0,0.0
0.0,0.0
0.0,0.0
0.0,1.0
0.0,1.0
0.0,1.0
0.0,1.0
55.2,0.0
0.0,10.0
0.0,11.0
0.0,30.5
0.0,10.0
0.0,10.0
0.0,0.0
0.0,0.0
0.0,50.0
0.0,30.0
10.6,107.6
0.0,90.0
8.0,9.0
1.0,0.0
0.0,0.0
0.0,0.0
0.0,
0.0,
0.0,
0.0,
0.0,
0.0,
0.0,
0.0,
0.0,
0.0,
0.0,
0.0,
0.0,
0.0,
0.0,
0.0,
10.0,
0.0,
0.0,
0.0,
0.0,
0.0,
0.0,
0.0,
0.0,0.0
0.0,0.0
0.0,0.0
0.0,0.0
0.0,10.0
0.0,10.0
0.0,10.0
0.0,10.0
0.0,0.0
0.0,0.0
1.0,0.0
1.0,0.0
0.0,0.0
0.0,0.0
0.0,0.0
10.0,10.0
1.0,0.0
0.0,4.0
0.0,0.0
0.0,0.0
0.0,0.0
0.0,0.0
0.0,0.0
0.0,0.0
,0.0
,0.0
,1.0
,1.0
,0.0
,0.0
,0.0
,0.0
,0.0
,0.0
,0.0
,0.0
,0.0
,5.0
,0.0
,0.0
,0.0
,0.0
,0.0
,0.0
,0.0
,0.0
,0.0
,0.0
0.0,0.0
0.0,0.0
0.0,0.0
0.0,0.0
0.0,0.0
0.0,0.0
0.0,0.0
0.0,0.0
0.0,0.0
0.0,0.0
0.0,0.0
10.0,0.0
0.0,0.0
0.0,0.0
0.0,10.0
0.0,0.0
1.0,0.0
0.0,0.0
0.0,0.0
0.0,0.0
0.0,0.0
0.0,0.0
0.0,0.0
0.0,0.0
,0.0
,0.0
,0.0
,0.0
,0.0
,0.0
,1.0
,1.0
,0.0
,0.0
,0.0
,0.0
,5.0
,5.0
,5.0
,5.0
,0.0
,0.0
,0.0
,0.0
,10.0
,10.0
,10.0
,15.8
0.0,0.0
0.0,0.0
0.0,0.0
0.0,0.0
0.0,0.0
0.0,0.0
27.0,0.0
0.0,0.0
0.0,0.0
0.0,0.0
0.0,0.0
94.8,0.0
0.0,0.0
240.0,0.0
0.0,0.0
196.0,0.0
0.0,0.0
14.2,0.0
346.0,230.0
166.8,133.0
34.2,0.0
62.2,0.0
0.0,0.0
0.0,0.0
,0.0
,0.0
,0.0
,0.0
,0.0
,0.0
,0.0
,0.0
,0.0
,0.0
,0.0
,0.0
,45.0
,20.0
,20.0
,0.0
,6.0
,0.0
,0.0
,0.0
,0.0
,0.0
,2.2
,0.0
0.0,0.0
0.0,0.0
0.0,0.0
0.0,0.0
0.0,0.0
0.0,0.0
0.0,0.0
0.0,0.0
0.0,0.0
0.0,0.0
0.0,30.0
4.0,34.0
0.0,0.0
0.0,15.0
0.0,20.0
0.0,10.8
10.0,151.0
0.0,130.0
0.0,10.0
0.0,10.0
10.0,0.0
0.0,0.0
5.0,5.0
5.0,5.0
0.0,0.0
0.0,0.0
0.0,0.0
0.0,0.0
0.0,0.0
0.0,0.0
0.0,0.0
0.0,0.0
0.0,0.0
0.0,0.0
5.0,5.0
5.0,5.0
0.0,0.0
0.0,0.0
0.0,20.0
0.0,15.0
0.0,6.0
0.0,0.0
0.0,0.0
0.0,0.0
0.0,0.0
0.0,0.0
0.0,0.0
0.0,0.0
,
,
,
,
,
,
,
,
,
,
,
,
,
,
,
,
,
,
,
,
,
,
,
,
5.0,5.0
5.0,5.0
5.0,5.0
5.0,5.0
5.0,5.0
5.0,5.0
5.0,5.0
5.0,25.0
5.0,5.0
0.0,0.0
0.0,0.0
17.1,0.0
0.0,0.0
0.0,0.0
0.0,0.0
0.0,5.0
0.0,0.0
0.0,0.0
0.0,0.0
10.0,21.5
35.5,126.5
0.0,0.0
0.0,0.0
0.0,0.0
0.0,0.0
0.0,0.0
0.0,0.0
0.0,0.0
0.0,20.0
0.0,20.0
0.1,52.1
0.0,0.0
0.0,0.0
0.0,0.0
0.0,0.0
0.0,0.0
0.0,0.0
0.0,0.0
0.0,0.0
0.0,0.0
0.0,0.0
0.0,60.0
0.0,0.0
0.0,40.0
0.0,0.0
0.0,0.0
0.0,0.0
0.0,0.0
0.0,0.0
0.0,0.0
0.0,0.0
0.0,0.0
0.0,0.0
0.0,0.0
0.0,0.0
0.0,0.0
0.0,0.0
0.0,0.0
0.0,13.0
0.0,35.2
0.0,10.0
10.0,0.0
10.0,0.0
40.0,0.0
1.0,50.0
1.0,0.0
0.0,0.0
8.0,0.0
0.0,0.0
0.0,0.0
0.0,0.0
0.0,0.0
0.0,0.0
0.0,0.0
0.0,0.0
0.0,0.0
0.0,0.0
0.0,0.0
0.0,0.0
135.0,135.0
245.0,286.0
305.0,305.0
435.0,487.0
525.0,629.0
610.0,610.0
679.0,655.0
545.0,520.0
465.5,457.5
214.6,205.0
70.0,77.5
51.6,446.6
35.6,401.6
0.0,0.0
0.0,10.0
0.0,0.0
0.0,0.0
0.0,0.0
0.0,0.0
0.0,0.0
0.0,0.0
1.0,0.0
1.0,0.0
0.0,0.0
0.0,0.0
5.0,5.0
15.0,15.0
15.0,116.0
26.8,114.8
60.0,50.0
50.0,50.0
50.0,50.0
40.0,40.0
32.6,33.6
0.0,1.0
0.0,0.0
0.0,0.0
10.0,0.0
0.0,0.0
0.0,0.0
0.0,0.0
0.0,0.0
0.0,0.0
0.0,0.0
0.0,0.0
0.0,0.0
0.0,0.0
0.0,0.0
0.0,0.0
0.0,0.0
0.0,0.0
0.0,0.0
0.0,0.0
0.0,0.0
0.0,0.0
0.0,6.0
10.2,2.2
0.0,0.0
0.0,0.0
0.0,0.0
0.0,0.0
0.0,0.0
0.0,0.0
0.0,0.0
0.0,0.0
0.0,0.0
0.0,0.0
0.0,0.0
0.0,0.0
0.0,0.0
0.0,0.0
0.0,0.0
0.0,0.0
0.0,0.0
0.0,0.0
0.0,0.0
0.0,0.0
0.0,0.0
0.0,0.0
10.0,0.0
0.0,0.0
0.0,0.0
0.0,0.0
0.0,0.0
0.0,0.0
0.0,10.0
5.0,5.0
5.0,5.0
0.0,0.0
0.0,5.0
0.0,0.0
0.0,0.0
0.0,0.0
0.0,0.0
0.0,0.0
0.0,0.0
0.0,0.0
0.0,0.0
0.0,0.0
4.7,0.0
0.0,
0.0,
10.0,
0.0,
0.0,
0.0,
0.0,
10.0,
10.0,
0.0,
0.0,
0.0,
0.0,
0.0,0.0
0.0,0.0
0.0,0.0
0.0,0.0
0.0,0.0
0.0,0.0
0.0,0.0
0.0,0.0
0.0,0.0
0.0,0.0
0.0,1.0
0.0,1.0
0.0,15.0
0.0,5.0
0.0,20.0
0.0,11.1
5.0,30.0
0.0,0.0
0.0,0.0
0.0,0.0
0.0,0.0
0.0,0.0
0.0,0.0
0.0,0.0
3.0,0.0
3.0,0.0
3.0,0.0
3.0,0.0
3.0,0.0
3.0,0.0
3.0,0.0
3.0,0.0
3.0,0.0
0.0,0.0
0.0,0.0
0.0,20.0
0.0,0.0
0.0,0.0
0.0,0.0
0.0,0.0
0.0,1.0
0.0,0.0
0.0,0.0
0.0,0.0
0.0,0.0
0.0,0.0
0.0,0.0
0.0,0.0
7.0,0.0
7.0,0.0
7.0,0.0
7.0,0.0
7.0,0.0
7.0,0.0
7.0,0.0
7.0,0.0
7.0,0.0
0.0,0.0
0.0,31.3
0.0,0.0
21.4,0.0
10.0,10.0
0.0,0.0
5.0,0.0
40.8,90.8
0.0,80.0
0.0,0.0
0.0,0.0
0.0,0.0
0.0,0.0
0.0,0.0
0.0,0.0
0.0,0.0
0.0,0.0
0.0,0.0
0.0,0.0
0.0,0.0
0.0,0.0
0.0,0.0
0.0,0.0
0.0,0.0
0.0,0.0
0.0,0.0
0.0,0.0
0.0,0.1
0.0,0.0
0.0,0.0
15.6,0.0
0.0,0.0
0.0,0.0
0.0,0.0
0.0,0.0
0.0,0.0
0.0,0.0
0.0,0.0
0.0,0.0
0.0,0.0
0.0,0.0
0.0,0.0
0.0,0.0
0.0,0.0
0.0,0.0
0.0,0.0
0.0,0.0
0.0,0.0
0.0,0.0
26.1,0.0
20.0,0.0
0.0,0.0
50.0,20.0
43.5,8.5
53.0,0.0
37.5,0.0
10.0,0.0
8.9,0.0
0.0,0.0
0.0,0.0
0.0,0.0
22.0,0.0
20.0,0.0
0.0,0.0
0.0,0.0
0.0,0.0
0.0,0.0
0.0,0.0
0.0,0.0
0.0,0.0
0.0,0.0
0.0,0.0
0.0,0.0
0.0,0.0
0.0,0.0
0.0,36.4
0.0,0.0
20.0,0.0
0.0,0.0
0.0,10.0
0.0,0.0
0.0,0.0
0.0,0.0
0.0,0.0
0.0,0.0
0.0,0.0
0.0,0.0
0.0,0.0
0.0,0.0
0.0,0.0
0.0,0.0
1.0,0.0
1.0,0.0
0.0,0.0
0.0,0.0
0.0,0.0
0.0,0.0
0.0,0.0
20.0,0.0
0.0,1.0
10.0,10.0
0.0,0.0
0.0,0.0
0.0,0.0
0.0,0.0
0.0,0.0
0.0,0.0
0.0,0.0
0.0,10.0
0.0,0.0
0.0,0.0
0.0,0.0
0.0,0.0
0.0,0.0
0.0,0.0
0.0,0.0
0.0,0.0
0.0,0.0
0.0,0.0
0.0,0.0
0.0,0.0
1.0,10.0
6.0,5.0
5.0,5.0
25.0,5.0
131.1,0.0
110.0,0.0
100.0,80.0
100.0,80.0
0.0,0.0
0.0,0.0
0.0,0.0
0.0,0.0
0.0,0.0
0.0,0.0
0.0,0.0
0.0,0.0
0.0,0.0
0.0,0.0
0.0,0.0
0.0,0.0
0.0,0.0
0.0,0.0
0.0,0.0
0.0,0.0
0.0,0.0
0.0,0.0
21.0,0.0
19.0,0.0
31.4,20.2
1.0,0.0
40.0,0.0
0.0,0.0
0.0,0.0
0.0,0.0
0.0,0.0
9.2,0.0
25.0,0.0
0.0,0.0
0.0,0.0
0.0,0.0
0.0,0.0
0.0,0.0
0.0,0.0
0.0,0.0
0.0,0.0
0.0,0.0
0.0,0.0
0.0,0.0
0.0,0.0
0.0,0.0
10.0,10.0
0.0,0.0
15.3,30.3
3.0,23.0
21.0,26.0
0.0,0.0
0.0,0.0
0.0,0.0
0.0,0.0
0.0,0.0
0.0,0.0
0.0,0.0
0.0,0.0
0.0,0.0
0.0,0.0
0.0,0.0
0.0,0.0
0.0,0.0
0.0,0.0
0.0,0.0
0.0,0.0
0.0,0.0
0.0,0.0
0.0,0.0
0.0,0.0
0.0,0.0
40.0,10.0
20.0,0.0
0.0,0.0
0.0,0.0
0.0,0.0
0.0,0.0
0.0,0.0
0.0,0.0
0.0,0.0
0.0,0.0
,0.0
,0.0
,0.0
,0.0
,10.0
,10.0
,0.0
,0.0
,0.0
,0.0
,0.0
,0.0
,30.0
,0.0
,0.0
,0.0
,0.0
,0.0
,0.0
,0.0
,0.0
,0.0
,0.0
,0.0
,
,
,
,
,
,
,
,
,
,
,
,
,
,
,
,
,
,
,
,
,
,
,
,
0.0,0.0
0.0,0.0
0.0,0.0
0.0,0.0
0.0,0.0
0.0,0.0
0.0,10.0
0.0,1.0
0.0,0.0
0.0,0.0
1.0,0.0
0.0,0.0
0.0,0.0
0.0,0.0
0.0,0.0
0.0,0.0
0.0,0.0
0.0,70.0
0.0,0.0
0.0,0.0
0.0,20.0
0.0,0.0
0.0,0.0
0.0,0.0
0.0,0.0
0.0,0.0
0.0,0.0
0.0,0.0
0.0,0.0
0.0,0.0
0.0,0.0
0.0,0.0
0.0,1.0
0.0,0.0
0.0,0.0
0.0,0.0
5.0,0.0
5.0,5.0
0.0,0.0
0.0,5.0
101.0,0.0
0.0,0.0
0.0,0.0
0.0,0.0
0.0,0.0
0.0,0.0
100.0,60.0
13.0,30.0
0.0,0.0
0.0,0.0
0.0,0.0
37.0,0.0
0.0,0.0
0.0,0.0
0.0,0.0
0.0,0.0
0.0,0.0
0.0,0.0
1.0,1.0
0.0,0.0
91.9,0.0
0.0,0.0
100.0,0.0
0.0,0.0
0.0,0.0
0.0,0.0
0.0,0.0
0.0,0.0
0.0,0.0
0.0,0.0
0.0,0.0
0.0,0.0
,
,
,
,
,
,
,
,
,
,
,
,
,
,
,
,
,
,
,
,
,
,
,
,
0.0,0.0
0.0,30.0
0.0,0.0
0.0,0.0
0.0,19.9
1.0,0.0
0.0,0.0
0.9,0.0
0.0,0.0
0.0,0.0
0.0,0.0
0.0,0.0
0.0,0.0
0.0,0.0
0.0,0.0
0.0,0.0
0.0,0.0
0.0,0.0
0.0,0.0
0.0,0.0
0.0,0.0
0.0,0.0
0.0,0.0
0.0,0.0
0.0,0.0
0.0,0.0
0.0,0.0
0.0,0.0
0.0,0.0
0.0,0.0
0.0,0.0
0.0,0.0
0.0,0.0
1.0,0.0
0.0,0.0
0.0,0.0
0.0,0.0
0.0,0.0
0.0,0.0
0.0,0.0
0.0,0.0
0.0,0.0
0.0,0.0
0.0,0.0
0.0,0.0
0.0,0.0
0.0,10.0
0.0,10.0
1.0,0.0
0.0,0.0
0.0,0.0
0.0,0.0
0.0,0.0
0.0,0.0
0.0,0.0
0.0,0.0
0.0,0.0
0.0,0.0
0.0,0.0
0.0,0.0
0.0,0.0
0.0,0.0
0.0,0.0
0.0,0.0
1.0,0.0
1.0,0.0
0.0,0.0
0.0,0.0
0.0,0.0
0.0,1.0
0.0,0.0
1.0,0.0
0.0,
0.0,
0.0,
0.0,
0.0,
0.0,
0.0,
0.0,
0.0,
0.0,
0.0,
0.0,
0.0,
0.0,
0.0,
0.0,
40.1,
0.0,
0.0,
0.0,
0.0,
0.0,
0.0,
0.0,
,0.0
,0.0
,0.0
,0.0
,0.0
,0.0
,0.0
,0.0
,0.0
,0.0
,0.0
,143.0
,0.0
,0.0
,0.0
,0.0
,0.0
,0.0
,0.0
,0.0
,0.0
,0.0
,0.0
,0.0
,0.0
,0.0
,0.0
,0.0
,60.0
,60.0
,0.0
,0.0
,0.0
,12.2
,23.3
,0.0
,0.0
,0.0
,0.0
,99.0
,0.0
,0.0
,0.0
,0.0
,0.0
,0.0
,0.0
,0.0
1.0,0.0
0.0,0.0
0.0,0.0
0.0,0.0
0.0,0.0
0.0,0.0
0.0,0.0
0.0,0.0
0.0,0.0
0.0,0.0
0.0,0.0
0.0,0.0
0.0,0.0
0.0,0.0
0.0,0.0
10.6,7.2
0.0,0.0
0.0,0.0
0.0,0.0
0.0,17.6
0.0,31.6
0.0,22.2
0.0,30.1
0.0,32.5
1.0,0.0
0.0,0.0
0.0,0.0
0.0,0.0
0.0,0.0
0.0,0.0
0.0,0.0
0.0,0.0
0.0,0.0
0.0,0.0
0.0,0.0
0.0,0.0
0.0,0.0
0.0,0.0
0.0,0.0
0.0,147.0
0.0,154.8
0.0,83.8
0.0,0.0
0.0,0.0
0.0,0.0
0.0,0.0
0.0,0.0
0.0,39.6
1.0,0.0
0.0,0.0
0.0,0.0
0.0,0.0
0.0,0.0
0.0,0.0
0.0,0.0
0.0,0.0
0.0,0.0
0.0,0.0
0.0,0.0
0.0,0.0
0.0,0.0
0.0,0.0
0.0,0.0
0.0,0.0
0.0,0.0
0.0,0.0
0.0,1.0
0.0,0.0
0.0,0.0
0.0,0.0
0.0,0.0
0.0,0.0
,
,
,
,
,
,
,
,
,
,
,
,
,
,
,
,
,
,
,
,
,
,
,
,
,0.0
,0.0
,0.0
,0.0
,0.0
,0.0
,5.0
,35.2
,0.0
,0.0
,0.0
,0.0
,0.0
,0.0
,0.0
,0.0
,0.0
,0.0
,0.0
,0.0
,0.0
,0.0
,0.0
,0.0
1.0,0.0
0.0,0.0
0.0,0.0
0.0,0.0
0.0,0.0
0.0,0.0
0.0,0.0
0.0,0.0
0.0,0.0
0.0,0.0
0.0,0.0
0.0,130.2
0.0,0.0
0.0,0.0
0.0,0.0
0.0,0.0
0.0,0.0
0.0,0.0
0.0,0.0
13.8,0.0
0.0,0.0
0.0,0.0
0.0,0.0
0.0,0.0
0.0,0.0
0.0,0.0
0.0,0.0
0.0,0.0
0.0,0.0
0.0,0.0
0.0,0.0
0.0,0.0
0.0,0.0
0.0,0.0
0.0,20.0
0.0,20.0
0.0,0.0
0.0,0.0
0.0,20.0
0.0,20.0
1.0,0.0
0.0,0.0
0.0,0.0
0.0,0.0
0.0,0.0
0.0,0.0
0.0,0.0
0.0,0.0
,0.0
,0.0
,0.0
,0.0
,0.0
,0.0
,0.0
,0.0
,0.0
,0.0
,40.0
,40.0
,0.0
,0.0
,0.0
,0.0
,0.0
,0.0
,0.0
,0.0
,0.0
,0.0
,0.0
,0.0
,0.0
,0.0
,0.0
,0.0
,0.0
,0.0
,1.0
,1.0
,0.0
,0.0
,0.0
,0.0
,0.0
,0.0
,0.0
,0.0
,0.0
,0.0
,0.0
,0.0
,0.0
,0.0
,0.0
,0.0
,
,
,
,
,
,
,
,
,
,
,
,
,
,
,
,
,
,
,
,
,
,
,
,
0.0,0.0
0.0,0.0
0.0,0.0
0.0,0.0
1.0,0.0
1.0,0.0
1.0,1.0
0.0,1.0
0.0,0.0
0.0,0.0
0.0,0.0
0.0,0.0
0.0,0.0
0.0,0.0
0.0,0.0
0.0,0.0
0.0,0.0
63.0,0.0
0.0,0.0
0.0,0.0
0.0,0.0
0.0,0.0
0.0,0.0
0.0,0.0
0.0,0.0
0.0,0.0
0.0,0.0
0.0,0.0
0.0,0.0
1.0,0.0
0.0,0.0
0.0,0.0
0.0,0.0
0.0,0.0
0.0,0.0
0.0,0.0
0.0,0.0
0.0,0.0
0.0,0.0
0.0,0.0
0.0,50.0
0.0,0.0
0.0,0.0
0.0,0.0
0.0,0.0
0.0,0.0
0.0,0.0
0.0,0.0
0.0,0.0
0.0,0.0
0.0,0.0
0.0,0.0
0.0,0.0
0.0,0.0
0.0,0.0
0.0,0.0
0.0,0.0
0.0,0.0
0.0,0.0
0.0,1.0
0.0,0.0
0.0,0.0
0.0,0.0
0.0,0.0
0.0,0.0
1.0,60.0
0.0,58.7
0.0,0.0
0.0,0.0
0.0,0.0
0.0,0.0
0.0,0.0
0.0,0.0
0.0,0.0
121.9,0.0
70.0,0.0
0.0,0.0
0.0,0.0
0.0,10.0
1.0,18.0
0.0,0.0
0.0,0.0
0.0,0.0
0.0,0.0
0.0,0.0
0.0,0.0
0.0,0.0
10.0,10.0
0.0,0.0
0.0,0.0
0.0,0.0
0.0,0.0
0.0,0.0
0.0,0.0
0.0,0.0
0.0,0.0
,
,
,
,
,
,
,
,
,
,
,
,
,
,
,
,
,
,
,
,
,
,
,
,
,
,
,
,
,
,
,
,
,
,
,
,
,
,
,
,
,
,
,
,
,
,
,
,
,
,
,
,
,
,
,
,
,
,
,
,
,
,
,
,
,
,
,
,
,
,
,
,
0.0,
0.0,
0.0,
0.0,
0.0,
0.0,
0.0,
0.0,
0.0,
0.0,
0.0,
0.0,
0.0,
82.2,
0.0,
0.0,
1.0,
1.0,
0.0,
0.0,
0.0,
0.0,
0.0,
0.0,
10.0,
0.0,
0.0,
0.0,
23.0,
23.0,
1.0,
0.0,
0.0,
0.0,
0.0,
,
,
,
,
,
,
,
,
,
,
,
,
,
0.0,0.0
0.0,0.0
0.0,0.0
0.0,0.0
0.0,0.0
0.0,0.0
0.0,0.0
0.0,0.0
0.0,0.0
0.0,0.0
0.0,0.0
0.0,0.0
0.0,0.0
0.0,0.0
0.0,0.0
0.0,0.0
0.0,0.0
0.0,0.0
0.0,0.0
0.0,0.0
0.0,0.0
0.0,0.0
0.0,40.1
4.0,4.0
0.0,0.0
0.0,0.0
0.0,0.0
0.0,0.0
0.0,0.0
0.1,0.1
0.0,0.0
0.0,0.0
0.0,0.0
0.0,0.0
0.0,0.0
0.0,0.0
0.0,0.0
0.0,0.0
0.0,0.0
0.0,0.0
0.0,0.0
0.0,0.0
0.0,0.0
0.0,0.0
0.0,0.0
0.0,0.0
0.0,0.0
0.0,0.0
,
,
,
,
,
,
,
,
,
,
,
,
,
,
,
,
,
,
,
,
,
,
,
,
,
,
,
,
,
,
,
,
,
,
,
,
,
,
,
,
,
,
,
,
,
,
,
,
0.0,0.0
0.0,0.0
0.0,0.0
0.0,0.0
0.0,0.0
0.0,0.0
0.0,0.0
0.0,0.0
0.0,0.0
0.0,0.0
0.0,0.0
0.0,0.0
0.0,0.0
0.2,0.0
0.0,0.0
0.0,0.0
0.0,0.0
0.0,0.0
0.0,111.6
0.0,0.0
0.0,0.0
0.0,0.0
0.0,0.0
0.0,0.0
0.0,
0.0,
0.0,
0.0,
0.0,
0.0,
0.0,
0.0,
0.0,
0.0,
0.0,
0.0,
0.0,
0.0,
0.0,
0.0,
1.0,
0.0,
0.0,
0.0,
0.0,
0.0,
0.0,
0.0,
,
,
,
,
,
,
,
,
,
,
,
,
,
,
,
,
,
,
,
,
,
,
0.0,0.0
0.0,0.0
0.0,0.0
0.0,0.0
0.0,0.0
0.0,0.0
0.0,0.0
0.0,0.0
0.0,0.0
0.0,29.4
0.0,0.0
0.0,0.0
0.0,0.0
0.0,0.0
0.0,0.0
0.0,0.0
0.0,0.0
0.0,0.0
0.0,15.0
0.0,15.0
0.0,0.0
0.0,0.0
0.0,0.0
0.0,0.0
0.0,0.0
1.0,0.0
0.0,0.0
0.0,0.0
0.0,0.0
0.0,0.0
0.0,0.0
0.0,0.0
0.0,0.0
0.0,0.0
0.0,0.0
0.0,0.0
0.0,0.0
0.0,0.0
0.0,0.0
0.0,0.0
0.0,0.0
0.0,0.0
1.4,0.0
1.4,0.0
0.0,64.4
0.0,0.0
0.0,0.0
0.0,0.0
0.0,0.0
0.0,0.0
0.0,
0.0,
0.0,
0.0,
0.0,
0.0,
0.0,
0.0,
0.0,
0.0,
0.0,
200.0,
0.0,
0.0,
0.0,
0.0,
0.0,
0.0,
0.0,
0.0,
0.0,
0.0,
0.0,
0.0,
,
,
,
,
,
,
,
,
,
,
,
,
,
,
,
,
,
,
,
,
,
,
,
,
0.0,
0.0,
0.0,
0.0,
0.0,
0.0,
0.0,
0.0,
0.0,
0.0,
161.8,
0.0,
0.0,
0.0,
0.0,
0.0,
0.0,
0.0,
0.0,
0.0,
0.0,
0.0,
0.0,
0.0,
,
,
,
,
,
,
,
,
,
,
,
,
,
,
,
,
,
,
,
,
,
,
,
,
0.0,0.0
0.0,0.0
0.0,0.0
0.0,0.0
0.0,10.0
0.0,10.0
0.0,0.0
0.0,0.0
0.0,0.0
0.0,0.0
0.0,0.0
0.0,0.0
0.0,0.0
0.0,0.0
0.0,0.0
0.0,0.0
0.0,0.0
169.8,0.0
0.0,0.0
0.0,0.0
0.0,0.0
0.0,0.0
0.0,0.0
0.0,34.6
0.0,0.0
15.0,120.5
0.0,0.0
0.0,0.0
0.0,0.0
0.0,0.0
0.0,0.0
0.0,0.0
0.0,0.0
0.0,0.0
0.0,0.0
0.0,0.0
0.0,0.0
0.0,0.0
0.0,0.0
0.0,0.0
23.4,0.0
0.0,0.0
0.0,120.1
0.0,63.4
0.0,0.0
0.0,0.0
0.0,0.0
0.0,0.0
0.0,
0.0,
0.0,
0.0,
0.0,
0.0,
0.0,
0.0,
0.0,
0.0,
0.0,
0.0,
0.0,
0.0,
0.0,
0.0,
0.0,
0.0,
0.0,
1.0,
0.0,
0.0,
0.0,
0.0,
0.0,0.0
0.0,0.0
0.0,0.0
0.0,0.0
0.0,0.0
0.0,0.0
0.0,0.0
0.0,0.0
0.0,0.0
0.0,0.0
0.0,0.0
0.0,0.0
0.0,0.0
0.0,0.0
0.0,0.0
0.0,0.0
0.0,101.0
0.0,101.0
0.0,0.0
0.0,0.0
0.0,0.0
0.0,0.0
0.0,0.0
1.0,0.0
,
,
,
,
,
,
,
,
,
,
,
,
,
,
,
,
,
,
,
,
,
,
,
0.0,
0.0,
0.0,
0.0,
0.0,
0.0,
0.0,
0.0,
0.0,
0.0,
0.0,
43.4,
0.0,
0.0,
0.0,
0.0,
0.0,
83.0,
0.0,
145.0,
71.8,
0.0,
0.0,
0.0,
0.0,
0.0,
0.0,
,
0.0,
0.0,
0.0,
1.0,
1.0,
0.0,
268.0,
188.0,
140.0,
0.0,
0.0,
0.0,
0.0,
0.0,
45.3,
201.8,
0.0,
0.0,
162.1,
0.0,
0.0,
0.0,0.0
0.0,0.0
0.0,0.0
0.0,0.0
0.0,0.0
0.0,0.0
10.0,61.0
10.0,61.0
0.0,0.0
0.0,0.0
0.0,0.0
0.0,0.0
0.0,0.0
0.0,0.0
0.0,0.0
0.0,0.0
0.0,0.0
0.0,0.0
0.0,0.0
0.0,0.0
0.0,0.0
0.0,0.0
0.0,0.0
0.0,0.0
0.0,
0.0,
0.0,
0.0,
0.0,
0.0,
0.0,
0.0,
0.0,
0.0,
0.0,
0.0,
0.0,
0.0,
0.0,
0.0,
0.0,
200.0,
0.0,
0.0,
161.0,
134.0,
0.0,
0.0,
,0.0
,0.0
,0.0
,0.0
,0.0
,0.0
,1.0
,1.0
,1.0
,0.0
,0.0
,0.0
,0.0
,0.0
,0.0
,0.0
,0.0
,0.0
,0.0
,0.0
,0.0
,0.0
,0.0
,0.0
0.0,0.0
0.0,0.0
0.0,0.0
0.0,0.0
0.0,60.0
0.0,60.0
0.0,46.0
0.0,0.0
0.0,0.0
0.0,0.0
0.0,0.0
0.0,0.0
0.0,0.0
0.0,0.0
0.0,0.0
50.0,50.0
0.0,180.0
2.6,182.6
2.6,2.6
0.0,0.0
0.0,0.0
0.0,60.0
0.0,47.0
0.0,28.2
,0.0
,0.0
,0.0
,0.0
,82.0
,82.0
,0.0
,0.0
,50.3
,0.0
,0.0
,0.0
,0.0
,229.2
,0.0
,0.0
,0.0
,0.0
,0.0
,0.0
,0.0
,0.0
,0.0
,100.0
,
,
,
,
,
,
,
,
,
,
,
,
,
,
,
,
,
,
,
,
,
,
,
,
,
,
,
,
,
,
,
,
,
,
,
,
,
,
,
,
,
,
,
,
,
,
,
,
0.0,0.0
0.0,0.0
0.0,0.0
0.0,0.0
10.0,10.0
10.0,10.0
0.0,0.0
0.0,0.0
0.0,0.0
0.0,0.0
0.0,0.0
0.0,0.0
0.0,0.0
0.0,0.0
0.0,0.0
0.0,0.0
0.0,0.0
0.0,0.0
0.0,0.0
0.0,0.0
0.0,0.0
0.0,0.0
0.0,0.0
0.0,0.0
0.0,0.0
0.0,0.0
0.0,0.0
0.0,0.0
0.0,0.0
0.0,0.0
0.0,0.0
0.0,0.0
0.0,0.0
0.0,0.1
0.0,0.0
0.0,0.0
0.0,0.0
0.0,0.0
0.0,0.0
0.0,0.0
0.0,0.0
0.0,0.0
0.0,0.0
0.0,0.0
0.0,0.0
0.0,0.0
18.0,18.0
10.0,0.0
,
,
,
,
,
,
,
,
,
,
,
,
,
,
,
,
,
,
,
,
,
,
,
,
,0.0
,0.0
,0.0
,0.0
,0.0
,0.0
,0.0
,0.0
,0.0
,0.0
,0.0
,0.0
,0.0
,0.0
,0.0
,0.0
,0.0
,0.0
,1.0
,1.0
,0.0
,0.0
,0.0
,0.0
0.0,0.0
0.0,0.0
0.0,0.0
0.0,0.0
0.0,0.0
8.0,0.0
0.0,0.0
0.0,0.0
0.0,0.0
0.0,0.0
0.0,0.0
0.0,0.0
0.0,0.0
0.0,0.0
0.0,0.0
0.0,0.0
0.0,1.0
0.0,1.0
0.0,0.0
0.0,0.0
0.0,0.0
0.0,0.0
0.0,0.0
1.0,0.0
,
,
,
,
,
,
,
,
,
,
,
,
,
,
,
,
,
,
,
,
,
,
,
,
,
,
,
,
,
,
,
,
,
,
,
,
,
,
,
,
,
,
,
,
,
,
,
,
0.0,
0.0,
0.0,
0.0,
0.0,
0.0,
0.0,
3.8,
0.0,
0.0,
0.0,
0.0,
0.0,
2.5,
0.0,
0.0,
0.0,
0.0,
0.0,
0.0,
0.0,
0.0,
0.0,
0.0,
,
,
,
,
,
,
,
,
,
,
,
,
,
,
,
,
,
,
,
,
,
,
,
,
,0.0
,0.0
,0.0
,0.0
,0.0
,0.0
,0.2
,0.2
,0.0
,0.0
,0.0
,0.0
,0.0
,0.0
,0.0
,0.0
,0.0
,0.0
,0.0
,0.0
,0.0
,0.0
,0.0
,0.0
,
,
,
,
,
,
,
,
,
,
,
,
,
,
,
,
,
,
,
,
,
,
,
,
0.0,
0.0,
0.0,
0.0,
0.0,
0.0,
0.0,
0.0,
0.0,
0.0,
0.0,
0.0,
0.0,
0.0,
0.0,
0.0,
0.0,
0.0,
0.0,
0.0,
0.0,
308.0,
307.0,
0.0,
0.0,
0.0,
0.0,
0.0,
0.0,
0.0,
0.0,
0.0,
0.0,
0.0,
0.0,
0.0,
0.0,
0.0,
50.0,
44.4,
0.0,
0.0,
81.0,
0.0,
16.0,
0.0,
0.0,
0.0,
0.0,
0.0,
0.0,
0.0,
0.0,
0.0,
0.0,
0.0,
0.0,
0.0,
0.0,
0.0,
0.0,
0.0,
0.0,
0.0,
0.0,
0.0,
6.0,
0.0,
50.0,
50.0,
50.0,
50.0,
0.0,
0.0,
0.0,
0.0,
0.0,
0.0,
0.0,
0.0,
0.0,
0.0,
0.0,
0.0,
0.0,
0.0,
0.0,
0.0,
0.0,
0.0,
0.0,
0.0,
0.0,
0.0,
0.0,
0.0,
,0.0
,0.0
,0.0
,0.0
,0.0
,0.0
,0.0
,0.0
,0.0
,0.0
,0.0
,50.0
,0.0
,24.0
,0.0
,0.0
,0.0
,0.0
,0.0
,0.0
,0.0
,0.0
,0.0
,0.0
0.0,
0.0,
0.0,
0.0,
0.0,
0.0,
0.0,
0.0,
31.2,
45.8,
64.0,
0.0,
0.0,
0.0,
18.5,
50.0,
35.1,
0.0,
0.0,
0.0,
0.0,
0.0,
0.0,
0.0,
0.0,0.0
0.0,0.0
0.0,0.0
0.0,0.0
0.0,0.0
0.0,0.0
0.0,0.0
0.0,0.0
0.0,0.0
0.0,0.0
0.0,0.0
0.0,0.0
0.0,0.0
0.0,0.0
0.0,0.0
0.0,0.0
86.0,154.6
0.0,154.6
0.0,101.0
0.0,95.0
0.0,0.0
0.0,0.0
0.0,0.0
0.0,0.0
,50.0
,50.0
,50.0
,50.0
,50.0
,0.0
,1.0
,1.0
,0.0
,0.0
,2.0
,2.0
,0.0
,0.0
,0.0
,0.0
,201.2
,201.2
,0.0
,0.0
,0.0
,0.0
,0.0
,80.0
,
,
,
,
,
,
,
,
,
,
,
,
,
,
,
,
,
,
,
,
,
,
,
,
0.0,
0.0,
0.0,
0.0,
0.0,
0.0,
0.0,
0.0,
156.2,
35.6,
43.2,
0.0,
0.8,
64.0,
36.8,
43.8,
0.0,
0.0,
0.0,
0.0,
0.0,
0.0,
0.0,
0.0,
,
,
,
,
,
,
,
,
,
,
,
,
,
,
,
,
,
,
,
,
,
,
,
,
,
,
,
,
,
,
,
,
,
,
,
,
,
,
,
,
,
,
,
,
,
,
,
,
0.0,
0.0,
0.0,
0.0,
0.0,
0.0,
0.0,
0.0,
85.4,
0.0,
0.0,
0.0,
0.0,
0.0,
0.0,
0.0,
0.0,
0.0,
0.0,
0.0,
0.0,
0.0,
0.0,
0.0,
,
,
,
,
,
,
,
,
,
,
,
,
,
,
,
,
,
,
,
,
,
,
,
,
,
,
,
,
,
,
,
,
,
,
,
,
,
,
,
,
,
,
,
,
,
,
,
,
,
,
,
,
,
,
,
,
,
,
,
,
,
,
,
,
,
,
,
,
,
,
,
,
0.0,0.0
0.0,0.0
0.0,0.0
0.0,0.0
0.0,0.0
0.0,0.0
0.0,0.0
0.0,0.0
0.0,0.0
154.9,0.0
169.7,0.0
265.3,0.0
112.0,0.0
0.0,0.0
0.0,0.0
0.0,0.0
400.0,1.0
0.0,1.0
0.0,0.0
0.0,0.0
250.0,0.0
0.0,0.0
0.0,0.0
0.0,0.0
0.1,
0.0,
0.0,
0.0,
0.0,
0.0,
0.0,
0.0,
0.0,
0.0,
0.0,
0.0,
0.0,
0.0,
0.0,
0.0,
0.0,
0.0,
0.0,
0.0,
0.0,
0.0,
0.0,
0.0,
0.0,
0.0,
0.0,
0.0,
0.0,
0.0,
0.0,
0.0,
0.0,
0.0,
0.0,
0.0,
0.0,
0.0,
0.0,
0.0,
0.0,
0.0,
0.0,
0.0,
0.0,
366.9,
0.0,
0.0,
0.0,0.0
0.0,0.0
0.0,0.0
0.0,0.0
0.0,0.0
0.0,0.0
0.0,0.0
0.0,0.0
0.0,0.0
250.0,0.0
250.0,0.0
245.0,0.0
0.0,0.0
0.0,0.0
0.0,0.0
0.0,0.0
0.0,0.0
0.0,0.0
0.0,0.0
200.0,0.0
229.0,0.0
122.0,95.0
0.0,0.0
0.0,0.0
,
,
,
,
,
,
,
,
,
,
,
,
,
,
,
,
,
,
,
,
,
,
,
,
0.0,
0.0,
0.0,
0.0,
0.0,
0.0,
0.0,
0.0,
0.0,
50.0,
0.0,
44.0,
0.0,
0.0,
0.0,
0.0,
0.0,
0.0,
0.0,
0.0,
0.0,
0.0,
5.0,
5.0,
0.0,0.0
0.0,0.0
0.0,0.0
0.0,0.0
0.0,0.0
0.0,0.0
0.0,0.0
0.0,0.0
0.0,0.0
0.0,0.0
154.0,308.0
0.0,147.0
113.0,166.0
0.0,0.0
0.0,0.0
110.0,0.0
155.0,0.0
0.0,0.0
0.0,0.0
0.0,0.0
50.0,0.0
0.0,0.0
0.0,0.0
0.0,0.0
0.0,
0.0,
0.0,
0.0,
0.0,
0.0,
0.0,
0.0,
0.0,
0.0,
0.0,
0.0,
0.0,
0.0,
0.0,
0.0,
0.0,
10.0,
202.5,
69.0,
89.5,
89.0,
125.0,
0.0,
0.4,0.0
0.0,0.0
0.0,0.0
0.0,0.0
0.0,0.0
0.0,0.0
0.0,0.5
0.0,0.5
0.0,0.0
0.0,0.0
0.0,0.0
0.0,0.0
0.0,0.0
0.0,0.0
0.0,0.0
0.0,0.0
0.0,0.0
0.0,0.0
0.0,0.0
35.5,0.0
0.0,0.0
0.0,0.0
0.0,0.0
50.0,0.0
,
,
,
,
,
,
,
,
,
,
,
,
,
,
,
,
,
,
,
,
,
,
,
,
,0.0
,0.0
,0.0
,0.0
,0.0
,0.0
,0.0
,0.0
,0.0
,0.0
,0.0
,0.0
,0.0
,0.0
,0.0
,0.0
,0.0
,0.0
,0.0
,5.0
,0.0
,0.0
,0.0
,0.0
,0.0
,0.0
,0.0
,0.0
,0.0
,0.0
,0.0
,0.0
,0.0
,0.0
,0.0
,0.0
,0.0
,0.0
,0.0
,0.0
,0.0
,0.0
,0.0
,0.0
,0.0
,0.0
,0.0
,199.4
,0.0
,0.0
,0.0
,0.0
,0.0
,0.0
,0.0
,0.0
,0.0
,0.0
,0.0
,0.0
,0.0
,0.0
,0.0
,0.0
,60.0
,60.0
,0.0
,38.9
,0.0
,0.0
,0.0
,0.0
,
,
,
,
,
,
,
,
,
,
,
,
,
,
,
,
,
,
,
,
,
,
,
,
,
,
,
,
,
,
,
,
,
,
,
,
,
,
,
,
,
,
,
,
,
,
,
,
,
,
,
,
,
,
,
,
,
,
,
,
,
,
,
,
,
,
,
,
,
,
,
,
,0.0
,0.0
,0.0
,0.0
,0.0
,0.0
,0.0
,0.0
,0.0
,0.0
,0.0
,0.4
,0.0
,59.5
,0.0
,0.0
,0.0
,0.0
,0.0
,0.0
,0.0
,0.0
,0.0
,0.0
,0.0
,0.0
,0.0
,0.0
,0.0
,0.0
,0.0
,0.0
,0.0
,0.0
,0.0
,0.0
,0.0
,0.0
,0.0
,0.0
,0.0
,0.0
,0.0
,0.0
,0.0
,0.0
,0.0
,37.0
0.0,0.0
0.0,0.0
0.0,0.0
0.0,37.0
0.0,0.0
39.1,0.0
0.0,0.0
0.0,0.0
0.0,0.0
0.0,0.0
0.0,0.0
0.0,0.0
0.0,0.0
0.0,0.0
0.0,0.0
0.0,0.0
0.0,0.0
0.0,0.0
0.0,0.0
0.0,0.0
0.0,0.0
0.0,0.0
0.0,0.0
0.0,0.0
,
,
,
,
,
,
,
,
,
,
,
,
,
,
,
,
,
,
,
,
,
,
,
,
,
,
,
,
,
,
,
,
,
,
,
,
,
,
,
,
,
,
,
,
,
,
,
,
0.0,
0.0,
0.0,
0.0,
0.0,
0.0,
0.0,
0.0,
0.0,
0.0,
37.3,
0.0,
0.0,
0.0,
0.0,
0.0,
0.0,
22.6,
0.0,
0.0,
0.0,
0.0,
0.0,
0.0,
,
,
,
,
,
,
,
,
,
,
,
,
,
,
,
,
,
,
,
,
,
,
,
,
,
,
,
,
,
,
,
,
,
,
,
,
,
,
,
,
,
,
,
,
,
,
,
,
,
,
,
,
,
,
,
,
,
,
,
,
,
,
,
,
,
,
,
,
,
,
,
,
0.0,0.0
0.0,0.0
23.0,0.0
25.0,0.0
50.0,50.0
114.0,0.0
0.0,0.0
0.0,0.0
0.0,0.0
0.0,0.0
0.0,0.0
0.0,0.0
0.0,0.0
0.0,0.0
0.0,0.0
0.0,0.0
0.0,0.0
0.0,0.0
158.9,0.0
216.7,0.0
101.3,0.0
0.0,0.0
0.0,0.0
0.0,0.0
,
,
,
,
,
,
,
,
,
,
,
,
,
,
,
,
,
,
,
,
,
,
,
,
0.0,
0.0,
0.0,
0.0,
0.0,
0.0,
0.0,
0.0,
0.0,
0.0,
0.0,
117.4,
74.4,
129.0,
0.0,
198.6,
0.0,
0.0,
0.0,
0.0,
0.0,
0.0,
0.0,
0.0,
,
,
,
,
,
,
,
,
,
,
,
,
,
,
,
,
,
,
,
,
,
,
,
,
0.0,0.0
0.0,0.0
0.0,0.0
0.0,0.0
0.0,0.0
0.0,0.0
0.0,0.0
0.0,0.0
0.0,0.0
0.0,0.0
0.0,0.0
0.0,0.0
0.0,0.0
0.0,0.0
0.0,0.0
0.0,0.0
0.0,0.0
0.0,0.0
2.2,0.0
2.2,0.0
0.0,40.8
0.0,35.8
0.0,0.0
0.0,0.0
0.0,0.0
0.0,0.0
0.0,0.0
0.0,0.0
0.0,0.0
0.0,0.0
0.0,0.0
0.0,0.0
0.0,0.0
0.0,0.0
0.0,0.0
0.0,0.0
0.0,0.0
0.0,0.0
0.0,0.0
0.0,0.0
0.0,0.0
16.0,0.0
0.0,0.0
0.0,97.1
0.0,0.0
10.0,79.7
100.0,0.0
58.0,0.0
,
,
,
,
,
,
,
,
,
,
,
,
,
,
,
,
,
,
,
,
,
,
,
,
0.0,0.0
0.0,0.0
0.0,0.0
0.0,0.0
0.0,0.0
0.0,0.0
0.0,0.0
0.0,0.0
0.0,0.0
0.0,0.0
0.0,0.0
0.0,0.0
0.0,0.0
0.0,0.0
0.0,0.0
0.0,0.0
0.0,0.0
0.0,164.6
17.8,250.0
0.0,0.0
0.0,0.0
0.0,0.0
0.0,0.0
0.0,0.0
,0.0
,0.0
,0.0
,0.0
,0.0
,0.0
,0.0
,0.0
,0.5
,163.0
,0.0
,0.0
,0.0
,0.0
,0.0
,0.0
,0.0
,0.0
,0.0
,0.0
,0.0
,0.0
,0.0
,0.0
0.0,0.0
0.0,0.0
0.0,0.0
0.0,0.0
0.0,0.0
0.0,0.0
0.0,0.0
0.0,0.0
0.0,0.0
0.0,0.0
0.0,0.0
0.0,0.0
0.0,0.0
0.0,0.0
0.0,0.0
0.0,0.0
50.0,55.0
0.0,287.9
0.0,0.0
50.0,0.0
40.0,0.0
40.0,0.0
20.0,12.0
20.0,0.0
0.0,0.0
0.0,0.0
0.0,0.0
0.0,0.0
0.0,0.0
0.0,0.0
0.0,0.0
0.0,0.0
0.0,0.0
0.0,0.0
0.0,0.0
0.0,0.0
0.0,0.0
90.0,0.0
350.0,0.0
0.0,0.0
145.0,0.0
0.0,0.0
2.1,2.1
3.0,3.0
0.9,0.0
0.9,0.0
1.1,0.0
1.0,0.0
0.0,0.0
0.0,0.0
0.0,0.0
0.0,0.0
0.0,0.0
0.0,0.0
0.0,0.0
0.0,0.0
0.0,0.0
0.0,0.0
0.0,0.0
0.0,0.0
0.0,0.0
0.0,0.0
0.0,0.0
0.0,0.0
0.0,0.0
0.0,0.0
0.0,0.0
0.0,0.0
0.0,90.0
0.0,182.7
1.0,0.0
1.0,0.0
0.0,0.0
0.0,0.0
0.0,0.0
0.0,0.0
1.0,0.0
1.0,0.0
0.0,0.0
0.0,0.0
0.0,0.0
0.0,0.0
0.0,0.0
0.0,0.0
0.0,0.0
0.0,0.0
0.0,0.0
0.0,0.0
1.0,0.0
1.0,0.5
1.0,0.0
1.0,0.5
1.0,0.0
1.0,0.0
1.0,0.0
1.0,0.0
0.0,0.0
0.0,0.0
0.0,0.0
0.0,0.0
1.0,0.0
1.0,0.0
0.0,1.0
0.0,1.0
0.0,1.0
0.0,1.0
1.0,20.0
1.0,20.0
36.2,0.0
1.0,0.0
0.4,0.0
5.0,5.0
5.0,15.0
5.0,15.0
0.0,199.9
0.0,198.8
0.0,0.0
0.0,0.0
0.0,0.0
0.0,0.0
0.0,0.0
0.0,0.0
0.0,0.0
0.0,0.0
0.0,0.0
1.0,0.0
1.0,0.0
0.5,0.5
0.0,0.0
0.0,0.0
15.3,0.0
0.0,0.0
0.0,0.0
0.0,0.0
0.0,0.0
0.0,240.0
0.0,240.0
0.0,0.0
0.0,0.0
1.0,0.0
0.0,0.0
0.0,0.0
21.0,20.0
1.0,20.0
0.0,48.3
0.0,146.5
0.0,0.0
0.0,0.0
0.0,0.0
0.0,0.0
1.0,2.0
0.0,1.0
210.4,95.0
10.0,10.0
0.0,0.0
0.0,0.0
0.0,0.0
0.0,0.0
0.0,0.0
0.0,0.0
0.0,0.0
157.0,525.3
33.0,300.0
0.0,1.0
0.0,38.0
0.9,136.0
0.0,100.0
0.0,0.0
0.0,0.0
0.0,0.0
0.0,0.0
0.0,0.0
70.1,0.0
26.0,0.0
40.0,0.0
0.0,0.0
0.0,0.0
0.0,0.0
0.0,0.0
0.0,0.0
0.0,0.0
0.0,0.0
175.7,0.0
0.0,0.0
0.0,0.0
0.0,0.0
0.0,0.0
0.0,55.3
0.0,0.0
0.0,0.0
0.0,0.0
0.0,0.0
,
,
,
,
,
,
,
,
,
,
,
,
,
,
,
,
,
,
,
,
,
,
,
0.0,0.0
0.0,0.0
0.0,0.0
1.0,0.0
1.0,0.0
1.0,5.0
1.0,5.0
0.0,1.0
0.0,1.0
0.0,1.0
0.0,1.0
0.0,0.0
0.0,0.0
0.0,0.0
0.0,0.0
0.0,0.0
0.0,0.0
0.0,70.0
0.0,70.0
0.0,1.0
0.0,1.0
0.0,0.0
0.0,0.0
0.0,0.0
0.0,0.0
0.0,0.0
0.0,0.0
0.0,0.0
0.0,0.0
1.0,0.0
1.0,0.0
0.0,0.0
0.0,0.0
0.0,0.0
0.0,0.0
0.0,0.0
0.0,0.0
0.0,0.0
0.0,0.0
41.2,0.0
84.2,0.0
1.0,0.0
1.0,0.0
0.0,0.0
0.0,47.0
0.0,0.0
0.0,0.0
0.0,0.0
0.0,0.0
0.0,0.0
0.0,0.0
0.0,0.0
0.0,0.0
0.0,0.0
0.0,0.0
0.0,1.0
0.0,1.0
0.0,0.0
0.0,0.0
0.0,0.0
200.0,0.0
0.0,0.0
0.0,0.0
0.0,0.0
250.0,0.0
0.0,101.0
0.0,21.0
0.0,60.1
0.0,116.2
0.0,51.0
0.0,61.9
0.0,1.0
0.0,0.0
,0.0
,0.0
,0.0
,0.0
,0.0
,0.0
,0.0
,0.0
,0.0
,0.0
,0.0
,0.0
,0.0
,0.0
,0.0
,0.0
,0.0
,0.0
,1.0
,1.0
,1.0
,1.0
,0.0
,0.0
,0.0
,0.0
,0.0
,0.0
,0.0
,0.0
,0.0
,0.0
,30.0
,30.0
,130.0
,157.0
,0.0
,0.0
,0.0
,0.0
,0.0
,0.0
,0.0
,0.0
,1.0
,1.0
,0.0
,0.0
,
,
,
,
,
,
,
,
,
,
,
,
,
,
,
,
,
,
,
,
,
,
,
,
0.0,
0.0,
0.0,
0.0,
0.0,
0.0,
0.0,
1.0,
0.0,
0.0,
0.0,
0.0,
0.0,
0.0,
0.0,
0.0,
0.0,
0.0,
23.0,
0.0,
0.0,
170.3,
0.0,
0.0,0.0
0.0,0.0
0.0,0.0
0.0,0.0
0.0,0.0
0.0,0.0
0.0,0.0
0.0,4.9
0.0,4.9
1.0,0.0
0.0,0.0
70.0,0.0
50.0,0.0
70.0,0.0
50.0,0.0
70.0,0.0
0.0,0.0
0.0,0.0
0.0,0.0
0.0,0.0
0.0,0.0
0.0,61.8
0.0,61.8
0.0,0.0
0.0,0.0
0.0,0.0
0.0,0.0
0.0,0.0
0.0,0.0
0.0,0.0
0.0,0.0
0.0,0.0
75.0,0.0
150.0,0.0
30.0,0.0
25.0,10.0
20.0,0.0
50.0,0.0
139.0,0.0
140.0,0.0
139.4,0.0
30.5,100.1
25.0,100.1
0.0,100.0
0.0,0.0
0.0,0.0
0.0,36.0
0.0,0.0
165.0,0.0
0.0,0.0
0.0,0.0
1.0,0.0
1.0,0.0
20.0,61.0
42.0,61.0
20.0,0.0
0.0,0.0
10.0,0.0
50.0,0.0
50.0,1.0
50.0,1.0
40.0,5.0
51.5,5.0
50.0,0.0
50.0,0.0
123.0,0.0
82.0,0.0
50.0,0.0
50.0,0.0
50.0,0.0
46.7,0.0
0.0,0.0
0.0,0.0
0.0,0.0
0.0,0.0
0.0,0.0
0.0,0.0
0.0,0.0
0.0,0.0
0.0,0.0
25.0,0.0
0.0,10.0
0.0,0.0
0.0,0.0
0.0,0.0
100.0,0.0
150.0,0.0
0.0,0.0
0.0,0.0
0.0,0.0
0.0,0.0
0.0,0.0
0.0,0.0
0.0,0.0
0.0,0.0
0.0,0.0
0.0,0.0
0.0,0.0
0.0,0.0
0.0,0.0
0.0,0.0
0.0,0.0
0.0,0.0
0.0,0.0
0.0,0.0
0.0,0.0
0.0,0.0
0.0,0.0
0.0,0.0
0.0,0.0
0.0,0.0
0.0,0.0
0.0,0.0
0.0,0.0
0.0,0.0
1.0,0.0
1.0,0.0
0.5,0.0
0.5,0.0
0.0,1.0
0.0,1.0
0.0,0.0
0.0,0.0
0.0,0.0
10.0,0.0
0.2,0.0
0.0,0.0
0.0,0.0
0.0,0.0
0.0,0.0
0.0,0.0
0.0,0.0
0.0,0.0
0.0,0.0
0.0,0.0
0.0,0.0
0.0,0.0
0.0,0.0
0.0,0.0
0.0,0.0
0.0,0.0
1.0,0.0
1.0,0.0
0.0,0.0
1.0,0.0
0.0,0.0
0.0,0.0
0.0,0.0
0.0,0.0
0.0,0.0
0.0,0.0
0.0,0.0
0.0,0.0
0.0,0.0
0.0,0.0
0.0,0.0
0.0,0.0
20.0,0.0
10.0,0.0
0.0,0.0
0.0,0.0
0.0,0.0
0.0,10.0
0.0,11.0
0.0,11.0
0.0,1.0
10.0,11.0
0.0,5.0
0.0,5.0
0.6,0.0
0.0,0.0
0.0,0.0
0.0,0.0
0.0,1.0
0.0,1.0
0.0,1.0
0.0,1.0
0.0,0.0
0.0,0.0
1.0,83.7
1.0,83.7
0.0,0.0
0.0,0.0
0.0,0.0
0.0,0.0
0.0,0.0
0.0,0.0
0.0,0.0
0.0,0.0
0.0,0.0
0.0,0.0
0.0,0.0
0.0,0.0
0.0,
0.0,
0.0,
0.0,
0.0,
0.0,
0.0,
0.0,
0.0,
0.0,
0.0,
50.0,
50.0,
50.0,
50.0,
0.0,
63.7,
0.0,
0.0,
0.0,
0.0,
0.0,
0.0,
0.0,
0.0,
0.0,
0.0,
0.0,
0.0,
0.0,
0.0,
0.0,
0.6,
100.0,
0.0,
0.0,
0.0,
0.0,
0.0,
0.0,
100.0,
0.0,
0.0,
50.4,
0.2,
0.0,
100.0,
0.0,
0.0,0.0
0.0,0.0
0.0,0.0
0.0,0.0
0.0,0.0
0.0,0.0
0.0,1.0
0.0,1.0
0.0,0.0
0.0,0.0
0.0,0.0
90.0,0.0
90.0,0.0
90.0,0.0
90.0,0.0
90.0,0.0
90.0,0.0
0.0,0.0
0.0,0.0
0.0,0.0
0.0,0.0
0.0,0.0
0.0,0.0
0.0,0.0
0.0,0.0
0.0,0.0
0.0,0.0
0.0,0.0
0.0,0.0
0.0,0.0
1.0,0.0
0.0,0.0
0.0,0.0
0.0,0.0
196.0,0.0
0.0,0.0
0.0,0.0
0.0,0.0
0.0,0.0
0.0,0.0
0.0,0.0
0.0,0.0
0.0,0.0
0.0,0.0
0.0,0.0
0.0,0.0
0.0,25.0
0.0,25.0
0.0,0.0
0.0,0.0
0.0,0.0
0.0,0.0
0.0,0.0
0.0,0.0
0.0,0.0
0.0,0.0
0.0,0.0
0.0,0.0
174.0,0.0
150.0,0.0
0.0,0.0
0.0,0.0
0.0,0.0
0.0,0.0
300.0,0.0
300.0,0.0
300.0,0.0
0.0,0.0
0.0,1.0
0.0,1.0
0.0,10.0
0.0,30.0
1.0,0.3
0.0,0.0
0.0,0.0
0.0,0.0
0.0,0.0
0.0,0.0
0.0,0.0
0.0,0.0
150.0,0.0
111.0,0.0
57.0,0.0
50.0,0.0
107.0,0.0
0.0,0.0
0.0,0.0
0.0,0.0
0.0,0.0
0.0,0.0
100.0,0.0
100.0,0.0
100.0,0.0
0.0,0.0
0.0,0.0
0.0,0.0
,
,
,
,
,
,
,
,
,
,
,
,
,
,
,
,
,
,
,
,
,
,
,
,
0.0,0.0
0.0,0.0
0.0,0.0
0.0,0.0
0.0,0.0
0.0,0.0
0.0,0.0
0.0,51.0
0.0,0.0
0.0,0.0
0.0,0.0
0.0,0.0
0.0,0.0
0.0,0.0
0.0,0.0
0.0,0.0
0.0,0.0
0.0,0.0
0.0,0.0
0.0,0.0
0.0,0.0
99.0,43.3
0.0,0.0
0.0,35.0
0.0,80.5
2.8,71.0
0.0,25.0
0.0,68.2
0.0,69.9
0.0,20.0
278.2,50.3
100.9,56.0
89.0,10.0
0.0,0.0
150.0,0.0
150.0,0.0
150.0,0.0
150.0,0.0
150.0,0.0
150.0,0.0
0.0,0.0
0.0,0.0
0.0,0.0
0.0,0.0
0.0,0.0
0.0,0.0
0.0,0.0
0.0,0.0
0.0,0.0
0.0,0.0
0.0,0.0
0.0,0.0
0.0,0.0
0.0,0.0
0.0,0.0
0.0,0.0
0.0,0.0
0.0,0.0
1.0,10.0
1.0,10.0
0.0,0.0
0.0,0.0
0.0,0.0
0.0,0.0
0.0,1.0
0.0,1.0
0.0,76.0
0.0,76.0
0.0,89.0
0.0,89.0
0.0,5.0
0.0,5.0
,0.0
,0.0
,0.0
,0.0
,0.0
,0.0
,0.0
,0.0
,5.0
,5.0
,0.0
,0.0
,0.0
,0.0
,0.0
,0.0
,0.0
,0.0
,0.0
,0.0
,0.0
,0.0
,0.0
,0.0
0.0,0.0
0.0,0.0
0.0,0.0
0.0,0.0
0.0,0.0
0.0,145.0
0.0,0.0
0.0,0.0
0.0,0.0
0.0,0.0
0.0,0.0
49.7,20.6
180.3,68.0
340.5,31.6
315.6,25.0
185.0,0.0
86.0,0.0
0.0,0.0
0.0,0.0
0.0,0.0
0.0,0.0
0.0,0.0
0.0,0.0
0.0,0.0
0.0,
0.0,
0.0,
0.0,
0.0,
0.0,
0.0,
0.0,
0.0,
150.9,
0.0,
0.0,
0.0,
0.0,
0.0,
0.0,
0.0,
0.0,
0.0,
0.0,
0.0,
0.0,
0.0,
0.0,
,
,
,
,
,
,
,
,
,
,
,
,
,
,
,
,
,
,
,
,
,
,
,
,
0.0,
0.0,
0.0,
0.0,
0.0,
0.0,
0.0,
0.0,
0.0,
0.0,
0.0,
0.0,
0.0,
160.3,
180.3,
0.0,
0.0,
0.0,
0.0,
0.0,
0.0,
0.0,
0.0,
0.0,
0.0,0.0
0.0,0.0
0.0,0.0
0.0,0.0
1.0,0.0
1.0,0.0
0.0,0.0
0.0,0.0
0.0,0.0
0.0,0.0
0.0,0.0
0.0,0.0
0.0,0.0
0.0,0.0
0.0,0.0
0.0,0.0
0.0,30.0
0.0,30.0
0.0,250.0
0.0,0.0
0.0,12.0
0.0,12.0
0.0,0.0
0.0,0.0
0.0,0.0
0.0,0.0
0.0,0.0
0.0,0.0
0.0,0.0
0.0,0.0
0.0,0.0
0.0,119.0
0.0,154.0
0.0,0.0
0.0,0.0
0.0,0.0
1.0,0.0
1.0,0.0
1.0,0.0
1.0,0.0
0.0,0.0
0.0,230.0
1.0,258.0
1.0,280.0
0.0,95.2
0.0,200.0
0.0,0.0
0.0,0.0
0.0,0.0
0.0,0.0
0.0,0.0
0.0,0.0
0.0,0.0
0.0,0.0
0.0,0.0
0.0,0.0
0.0,0.0
0.0,0.0
0.0,0.0
0.0,0.0
0.0,0.0
0.0,0.0
0.0,0.0
0.0,0.0
0.0,46.2
0.0,46.2
1.0,0.0
1.0,0.0
1.0,0.0
1.0,0.0
0.0,0.0
0.0,0.0
1.0,0.0
0.0,0.0
0.0,21.4
0.0,0.0
6.0,5.0
6.0,5.0
1.0,0.0
1.0,0.0
0.0,150.0
0.0,0.0
0.0,0.0
100.0,140.2
1.0,0.0
211.0,135.0
0.0,0.0
0.0,0.0
0.0,0.0
0.0,0.0
1.0,2.0
1.0,2.0
0.0,0.0
0.0,0.0
1.0,0.0
1.0,0.0
0.0,
0.0,
0.0,
0.0,
0.0,
0.0,
0.0,
0.0,
0.0,
0.0,
97.0,
0.0,
0.0,
0.0,
0.0,
0.0,
0.0,
0.0,
0.0,
0.0,
0.0,
0.0,
0.0,
0.0,
0.0,0.0
0.0,0.0
0.0,0.0
0.0,0.0
0.0,0.0
0.0,0.0
0.0,0.0
0.0,1.0
0.0,0.0
0.0,0.0
0.0,0.0
0.0,0.0
0.0,0.0
0.0,0.0
0.0,0.0
0.0,0.0
1.0,0.0
1.0,0.0
100.8,0.0
100.8,0.0
65.0,0.0
65.0,0.0
9.8,0.0
9.8,0.0
0.0,0.0
0.0,0.0
0.0,0.0
0.0,0.0
25.0,33.0
25.0,33.0
0.0,1.0
34.2,1.0
0.0,1.0
0.0,1.0
10.0,1.0
10.0,1.0
0.0,0.0
15.0,0.0
15.0,0.0
15.0,0.0
15.0,0.0
40.0,0.0
40.0,127.0
15.0,15.0
0.0,0.0
15.0,0.0
15.0,0.0
15.0,160.0
15.0,0.0
30.3,0.0
0.0,0.0
0.0,0.0
1.0,0.0
1.0,0.0
15.0,1.0
15.0,1.0
15.0,0.0
15.0,0.0
16.0,29.3
16.0,0.0
15.0,0.0
15.0,0.0
15.0,0.0
15.0,0.0
26.0,0.0
29.0,5.0
38.0,2.0
38.0,12.0
36.0,52.1
40.0,47.1
16.0,0.0
36.0,0.0
20.0,0.0
20.0,0.0
30.0,0.0
20.0,0.0
20.0,51.0
20.0,51.0
30.0,0.0
30.0,45.6
30.0,1.0
30.0,1.0
45.0,0.0
15.0,0.0
15.0,0.0
15.0,0.0
15.0,1.0
15.0,1.0
30.0,7.4
34.8,0.0
30.0,8.5
116.5,0.0
118.5,18.0
42.0,1.0
12.0,0.0
0.0,0.0
20.0,0.0
20.0,0.0
30.0,0.0
15.0,0.0
0.0,0.0
30.0,0.0
30.0,0.0
35.0,0.0
25.0,0.0
46.0,0.0
30.0,0.0
130.0,0.0
20.0,0.0
30.0,0.0
30.0,0.0
30.0,0.0
20.0,0.0
0.0,0.0
0.0,0.0
20.0,21.0
120.0,1.0
20.0,1.0
0.0,1.0
20.0,1.0
0.0,
18.3,
0.0,
0.0,
0.0,
0.0,
0.0,
0.0,
0.0,
15.0,
15.0,
15.0,
15.0,
11.6,
15.0,
15.0,
15.0,
15.0,
15.0,
15.0,
15.0,
15.0,
15.0,
15.0,
0.0,
0.0,
0.0,
0.0,
0.0,
0.0,
0.0,
0.0,
0.0,
0.0,
0.0,
0.0,
0.0,
0.0,
50.0,
0.0,
0.0,
0.0,
60.0,
0.0,
0.0,
0.0,
0.0,
0.0,
0.0,0.0
0.0,0.0
0.0,0.0
0.0,0.0
0.0,0.0
0.0,0.0
0.0,1.0
0.0,1.0
0.0,0.0
0.0,0.0
0.0,1.0
0.0,1.0
0.0,0.0
0.0,0.0
0.0,0.0
0.0,0.0
0.0,0.0
0.0,0.0
1.0,0.0
0.0,0.0
1.0,0.0
1.0,0.0
0.0,0.0
0.0,0.0
0.0,0.0
0.0,0.0
0.0,0.0
0.0,0.0
0.0,15.0
0.0,15.0
0.0,0.0
0.0,0.0
0.0,0.0
0.0,0.0
0.0,0.0
0.0,0.0
0.0,0.0
0.0,0.0
0.0,0.0
0.0,0.0
49.5,0.0
49.5,0.0
51.4,0.0
51.4,0.0
5.0,0.0
5.0,0.0
0.0,0.0
0.0,0.0
,
,
,
,
,
,
,
,
,
,
,
,
,
,
,
,
,
,
,
,
,
,
,
0.0,0.0
0.0,0.0
0.0,0.0
0.0,0.0
0.0,0.0
1.0,0.0
1.0,0.0
0.0,12.0
0.0,12.0
0.0,0.0
0.0,0.0
0.0,0.0
0.0,0.0
0.0,0.0
0.0,0.0
0.0,0.0
0.0,0.0
30.0,0.0
30.0,0.0
0.0,11.0
0.0,1.0
0.0,1.0
0.0,1.0
198.5,0.0
200.0,0.0
0.0,
0.0,
0.0,
0.0,
1.0,
1.0,
0.0,
0.0,
0.0,
0.0,
0.0,
0.0,
0.0,
0.0,
0.0,
0.0,
0.0,
0.0,
0.0,
0.0,
0.0,
0.0,
0.0,
0.0,
0.0,
0.0,
0.0,
0.0,
0.0,
0.0,
0.0,
0.0,
72.3,
0.0,
0.0,
0.0,
0.0,
0.0,
0.0,
0.0,
0.0,
0.0,
0.0,
0.0,
0.0,
0.0,
0.0,
0.0,
0.0,0.0
0.0,0.0
0.0,0.0
0.0,0.0
0.0,0.0
0.0,0.0
0.0,0.0
0.0,0.0
0.0,0.0
0.0,0.0
0.0,0.0
0.0,0.0
0.0,0.0
0.0,0.0
0.0,0.0
0.0,0.0
45.9,0.0
41.3,0.0
0.0,0.0
62.8,0.0
10.9,0.0
40.1,8.8
0.0,0.0
24.9,0.0
1.0,0.0
1.0,0.0
0.0,0.0
0.0,0.0
0.7,0.0
0.7,0.0
0.0,0.0
0.8,0.0
0.0,0.0
0.0,0.0
0.0,0.0
0.0,0.0
0.0,0.0
0.0,250.0
0.0,0.0
0.0,0.0
0.0,52.9
0.0,0.0
1.0,0.0
1.0,0.0
1.0,0.0
1.0,0.0
1.0,0.0
1.0,0.0
1.0,0.0
1.0,0.0
1.0,0.0
1.0,0.0
1.0,5.1
1.0,5.1
1.0,0.0
1.0,0.0
0.0,10.0
0.0,10.0
0.0,1.0
0.0,1.0
0.0,0.0
0.0,0.0
0.0,0.0
0.0,0.0
0.0,0.0
0.0,0.0
0.0,5.0
83.2,5.0
1.0,0.0
1.0,0.0
1.0,0.0
1.0,0.0
,0.0
,0.0
,0.0
,0.0
,0.0
,0.0
,0.0
,0.0
,0.0
,0.0
,20.0
,13.3
,74.6
,0.0
,0.0
,0.0
,0.0
,0.0
,0.0
,0.0
,0.0
,0.0
,0.0
,0.0
1.0,
1.0,
0.0,
0.0,
1.0,
1.0,
0.0,
0.0,
0.0,
0.0,
0.0,
0.0,
0.0,
0.0,
0.0,
0.0,
0.0,
0.0,
0.0,
0.0,
0.0,
0.0,
1.0,
1.0,
,0.0
,0.0
,0.0
,0.0
,0.0
,0.0
,0.0
,0.0
,0.0
,1.2
,0.0
,10.0
,0.0
,0.0
,0.0
,0.0
,24.0
,24.0
,4.0
,24.0
,0.0
,0.0
,0.0
,0.0
1.0,
1.0,
0.0,
0.0,
0.0,
0.0,
1.0,
0.0,
0.0,
1.0,
1.0,
1.0,
1.0,
1.0,
1.0,
1.0,
0.0,
0.0,
22.8,
0.0,
0.0,
0.0,
0.0,
0.0,
1.0,0.0
1.0,0.0
0.0,0.0
0.0,0.0
2.0,1.0
2.0,1.0
0.0,1.0
5.0,1.0
6.0,5.0
1.0,0.0
1.0,0.0
1.0,0.0
1.0,0.0
1.0,0.0
1.0,0.0
1.0,0.0
0.0,0.0
0.0,0.0
0.0,0.0
0.0,0.0
0.0,0.0
0.0,0.0
0.0,0.0
0.0,0.0
0.0,0.0
0.0,0.0
0.0,0.0
0.0,0.0
0.0,0.0
0.0,0.0
0.0,0.0
0.0,0.0
0.0,0.0
0.0,0.0
0.0,0.0
0.0,0.0
0.0,0.0
0.0,0.0
0.0,0.0
0.0,0.0
0.0,0.0
0.0,0.0
0.0,51.1
221.2,0.0
2.0,3.0
2.0,3.0
0.0,0.0
0.0,0.0
1.0,0.0
1.0,0.0
1.0,0.0
1.0,0.0
1.0,0.0
1.0,0.0
0.0,0.0
0.0,0.0
0.0,0.0
0.0,0.0
0.0,0.0
0.0,0.0
0.0,0.0
0.0,0.0
0.0,0.0
0.0,0.0
0.0,0.0
0.0,0.0
0.0,212.5
0.0,0.0
0.0,0.0
0.0,0.0
0.0,0.0
0.0,0.0
2.0,0.0
2.0,0.0
1.0,0.0
1.0,0.0
1.0,0.0
1.0,0.0
0.0,0.0
1.0,0.0
0.0,0.0
0.0,0.0
0.0,0.0
0.0,0.0
0.0,0.0
0.0,0.0
0.0,0.0
0.0,0.0
0.0,0.0
0.0,239.0
0.0,0.0
0.0,0.0
0.0,0.0
0.0,0.0
0.0,0.0
0.0,0.0
2.0,0.0
2.0,0.0
0.0,0.0
0.0,0.0
1.0,2.0
1.0,2.0
0.0,0.0
0.0,0.0
0.0,0.0
0.0,0.0
0.0,6.0
5.0,6.0
5.0,0.0
5.0,0.0
0.0,0.0
0.0,0.0
95.2,0.0
0.0,0.0
1.0,0.0
21.7,0.0
1.0,0.0
81.5,0.0
0.0,0.0
0.0,0.0
0.0,0.0
0.0,0.0
0.0,0.0
0.0,0.0
0.0,0.0
0.0,0.0
0.0,0.0
0.0,0.0
0.0,0.0
5.0,0.0
5.0,0.0
10.0,5.0
0.0,0.0
200.0,0.0
141.4,0.0
39.6,0.0
0.0,0.0
0.0,0.0
0.0,145.0
0.0,0.0
1.0,0.0
1.0,77.7
0.0,0.0
0.0,0.0
0.0,
0.0,
0.0,
0.0,
0.0,
0.0,
0.0,
0.0,
66.8,
21.3,
41.2,
6.6,
10.6,
95.6,
78.0,
13.1,
112.1,
96.3,
94.8,
116.5,
36.5,
8.4,
50.8,
28.7,
0.0,0.0
0.0,0.0
0.0,0.0
0.0,0.0
0.0,0.0
0.0,0.0
0.0,0.0
0.0,0.0
121.6,0.0
37.0,0.0
48.0,10.0
56.0,10.0
40.0,0.0
0.0,0.0
0.0,0.0
0.0,0.0
40.6,0.0
56.6,0.0
29.0,0.0
14.3,0.0
14.0,0.0
3.0,0.0
61.6,0.0
200.0,0.0
1.0,0.0
1.0,0.0
0.0,0.0
0.0,0.0
0.0,0.0
0.0,0.0
0.0,0.0
1.0,0.0
0.0,0.0
0.0,0.0
0.0,0.0
0.0,0.0
0.0,0.0
0.0,0.0
0.0,0.0
0.0,0.0
0.0,0.0
0.0,0.0
0.0,1.0
0.0,1.0
0.0,0.0
0.0,0.0
0.0,0.0
0.0,0.0
1.0,0.0
1.0,0.0
1.0,144.7
1.0,144.7
0.0,197.5
0.0,101.0
0.0,0.0
0.0,0.0
0.0,0.0
0.0,0.0
1.0,0.0
1.0,0.0
0.0,0.0
0.0,0.0
0.0,0.0
0.0,0.0
0.0,1.0
0.0,1.0
0.0,43.7
0.0,43.7
0.0,18.8
0.0,18.8
0.0,0.0
0.0,0.0
0.0,0.0
0.0,0.0
0.0,0.0
0.0,0.0
1.0,0.0
1.0,0.0
0.0,0.0
113.5,0.0
273.0,92.4
0.0,0.0
0.0,0.0
0.0,0.0
0.0,0.0
250.0,0.0
200.0,0.0
72.9,140.8
397.0,0.0
540.0,70.4
150.0,0.0
150.0,0.0
150.0,0.0
150.0,51.0
1.0,0.0
1.0,0.0
0.0,0.0
0.0,0.0
26.2,10.0
0.0,10.0
1.0,0.0
0.6,0.0
0.0,0.0
0.0,0.0
0.0,0.0
0.0,0.0
0.0,29.1
0.0,29.1
0.0,0.0
0.0,0.0
0.0,0.0
0.0,0.0
0.0,0.0
0.0,399.9
101.0,0.0
5.0,0.0
0.0,0.0
0.0,196.8
0.0,0.0
0.0,0.0
0.0,0.0
0.0,0.0
0.0,0.0
0.0,97.5
0.0,97.5
0.0,97.5
0.0,0.0
0.0,0.0
0.0,0.0
0.0,0.0
0.0,0.0
0.0,0.0
0.0,0.0
0.0,0.0
0.0,0.0
0.0,0.0
0.0,0.0
0.0,0.0
19.0,0.0
0.0,0.0
0.0,0.0
38.0,0.0
0.0,0.0
0.0,0.0
0.0,0.0
0.0,0.0
0.0,0.0
0.0,0.0
0.0,0.0
0.0,0.0
0.0,0.0
0.0,0.0
0.0,0.0
0.0,0.0
0.0,0.0
0.0,0.0
0.0,0.0
0.0,0.0
0.0,0.0
0.0,0.0
0.0,0.0
0.0,0.0
0.0,0.0
29.3,30.0
0.0,0.0
0.0,0.0
0.0,0.0
0.0,0.0
0.0,0.0
0.0,0.0
0.0,0.0
0.0,0.0
0.0,75.0
0.0,75.0
0.0,0.0
0.0,0.0
0.0,0.0
0.0,0.0
0.0,0.0
0.0,0.0
0.0,0.0
0.0,0.0
0.0,0.0
0.0,0.0
0.0,0.0
0.0,0.0
0.0,0.0
0.1,0.0
0.1,0.0
0.0,0.0
0.0,0.0
0.0,0.0
0.0,0.0
0.0,0.0
0.0,0.0
0.0,0.0
0.0,0.0
0.0,0.0
0.0,0.0
0.0,0.0
0.0,0.0
0.0,0.0
0.0,1.0
0.0,1.0
0.0,0.0
0.0,0.0
0.0,0.0
0.0,0.0
0.0,1.0
0.0,0.0
0.0,0.0
0.0,0.0
10.0,1.0
10.0,1.0
0.0,0.0
0.0,0.0
0.0,0.0
0.0,0.0
0.0,0.0
0.0,0.0
0.0,0.0
0.0,0.0
0.0,0.0
0.0,0.0
0.0,1.0
0.0,0.0
1.0,0.0
199.3,0.0
140.8,0.0
1.0,0.0
1.0,0.0
1.0,0.0
0.0,0.0
0.0,0.0
2.0,227.0
2.0,149.9
1.0,0.5
1.0,0.5
0.0,0.0
0.0,0.0
0.0,0.0
0.0,0.0
0.0,0.0
0.0,0.0
0.0,0.0
0.0,0.0
0.0,0.0
0.0,0.0
0.0,0.0
0.0,0.0
0.0,50.9
0.0,50.9
100.0,51.0
100.0,51.0
0.0,1.0
0.0,1.0
0.0,0.0
0.0,0.0
0.0,0.0
0.0,0.0
0.0,0.0
0.0,0.0
0.0,0.0
0.0,0.0
0.0,0.0
0.0,0.0
0.0,0.0
0.0,0.0
0.0,4.1
13.6,4.1
0.0,10.0
0.0,10.0
10.0,10.0
7.2,10.0
0.0,51.0
10.0,52.0
10.0,0.0
10.0,0.0
10.0,0.0
10.2,0.0
12.0,1.0
10.0,1.0
10.0,50.7
0.1,0.0
10.0,0.0
10.0,0.0
10.0,51.0
0.0,51.0
20.0,10.0
15.3,0.0
15.2,0.0
15.6,0.0
15.0,0.0
15.0,0.0
15.2,0.0
15.0,5.0
10.0,0.0
10.0,0.0
5.2,0.0
0.2,0.0
0.0,0.0
0.0,0.0
0.0,0.0
0.0,0.0
0.0,0.0
0.0,0.0
0.0,1.0
0.0,1.0
0.0,1.0
0.0,1.0
0.0,0.0
0.0,0.0
0.0,0.0
0.0,0.0
0.0,0.0
0.0,0.0
0.0,0.0
0.0,0.0
0.0,0.0
0.0,0.0
0.0,0.0
0.0,0.0
0.0,0.0
0.0,0.0
0.0,0.0
0.0,0.0
0.0,0.0
0.0,0.0
0.0,51.0
28.9,50.9
35.9,34.8
35.9,34.8
0.0,1.0
0.0,0.0
0.0,0.0
0.0,0.0
0.0,0.0
0.0,0.0
0.0,0.0
0.0,0.0
0.0,62.9
0.0,137.9
0.0,76.0
0.0,76.0
0.0,0.0
0.0,100.0
0.0,100.0
0.0,100.0
0.0,100.0
0.0,100.0
0.0,0.0
0.0,0.0
1.0,0.0
0.0,0.0
0.0,0.0
0.0,0.0
0.0,0.0
0.0,0.0
0.0,0.0
0.0,0.0
0.0,97.0
0.0,97.0
0.0,97.0
0.0,97.0
0.0,107.0
0.0,10.0
1.0,1.5
1.0,1.5
0.0,0.0
0.0,0.0
0.0,0.0
0.0,0.0
0.0,0.0
0.0,0.0
0.0,0.0
0.0,0.0
0.0,101.3
0.0,101.3
0.0,194.5
0.0,1.0
0.0,166.0
0.0,1.0
0.0,1.0
0.0,169.8
0.0,1.0
0.0,1.0
0.0,76.0
0.0,76.0
0.0,1.0
0.0,1.0
0.0,1.0
0.0,1.0
0.0,0.0
106.0,0.0
0.0,1.0
0.0,1.0
0.0,132.6
204.2,0.0
268.2,0.0
285.8,206.7
153.3,34.0
0.0,81.0
0.0,0.0
0.0,0.0
0.0,1.0
0.0,1.0
0.0,1.0
0.0,1.0
0.0,0.0
0.0,0.0
0.0,0.0
0.0,0.0
0.0,0.0
0.0,0.0
0.0,0.0
0.0,0.0
0.0,0.0
0.0,0.0
0.0,0.0
0.0,0.0
0.0,0.0
0.0,0.0
0.0,0.0
0.0,0.0
1.0,2.0
1.0,2.0
1.0,2.0
1.0,2.0
1.0,2.0
1.0,2.0
1.0,0.0
1.0,0.0
,0.0
,0.0
,0.0
,0.0
,0.0
,0.0
,1.0
,1.0
,0.0
,0.0
,0.0
,0.0
,0.0
,0.0
,0.0
,3.4
,0.0
,0.0
,0.0
,0.0
,0.0
,0.0
,1.0
,1.0
0.0,0.0
0.0,0.0
0.1,0.0
0.1,0.0
0.0,0.0
0.0,0.0
0.0,0.0
0.0,0.0
1.0,0.0
0.0,0.0
0.0,0.0
0.0,0.0
0.0,0.0
0.0,0.0
0.0,111.0
0.0,0.0
0.0,1.0
0.0,1.0
0.0,1.0
0.0,1.0
0.0,1.0
0.0,1.0
0.0,0.0
0.0,0.0
0.0,
0.0,
0.0,
0.0,
0.0,
0.0,
0.0,
0.0,
0.0,
0.0,
0.0,
0.0,
0.0,
0.0,
0.0,
0.0,
1.0,
1.0,
1.0,
1.0,
0.0,
0.0,
0.0,
0.0,
0.0,0.0
0.0,0.0
0.0,0.0
0.0,0.0
1.0,0.0
1.0,0.0
1.0,0.0
1.0,0.0
0.0,0.0
0.0,0.0
0.0,0.0
0.0,0.0
0.0,0.0
0.0,0.0
0.0,0.0
0.0,0.0
0.0,53.1
0.0,45.0
0.0,10.0
0.0,10.0
65.7,0.0
0.0,0.0
1.0,0.0
1.0,0.0
0.0,0.0
0.0,0.0
0.0,0.0
0.0,0.0
0.0,0.0
0.0,0.0
0.0,0.0
0.0,0.0
0.0,0.0
0.0,0.0
17.2,66.2
11.5,60.5
1.0,0.0
1.0,0.0
1.0,0.0
1.0,0.0
0.0,5.0
0.0,5.0
0.0,0.0
0.0,0.0
0.0,0.0
0.0,0.0
1.0,0.0
1.0,0.0
0.0,0.0
0.0,0.0
0.0,0.0
0.0,0.0
0.0,114.9
0.0,107.0
0.0,48.9
0.0,50.9
0.0,0.0
0.0,0.0
0.0,0.0
0.0,0.0
0.0,0.0
0.0,0.0
0.0,0.0
0.0,0.0
0.0,0.0
0.0,0.0
0.0,35.0
0.0,35.0
1.0,50.0
4.0,65.0
20.0,0.0
0.0,20.0
165.0,0.0
45.0,29.1
1.5,73.6
52.0,0.0
0.0,0.0
0.0,0.0
150.1,0.0
0.0,0.0
0.0,0.0
0.0,0.0
0.0,0.0
176.3,15.4
10.0,30.0
4.0,1.0
233.0,0.0
12.0,20.0
82.9,0.0
1.0,0.0
0.0,0.0
0.0,0.0
111.0,0.0
0.0,0.0
0.0,0.0
66.0,0.0
0.0,102.3
0.0,115.0
0.0,28.5
0.0,1.0
0.0,43.5
0.0,1.0
0.0,0.0
0.0,0.0
0.0,35.0
0.0,12.0
2.0,0.0
2.0,0.0
17.0,30.0
15.0,126.4
2.0,1.0
2.0,21.9
10.0,5.0
0.0,0.0
10.0,0.0
10.0,0.0
0.0,0.0
10.0,0.0
0.0,0.0
0.0,0.0
0.0,0.0
0.0,0.0
0.0,0.0
0.0,0.0
0.0,0.0
0.0,0.0
0.0,1.0
0.0,1.0
0.0,0.0
0.0,0.0
13.0,23.0
18.0,13.0
16.0,0.0
16.0,0.0
16.0,0.0
16.0,0.0
10.6,20.0
11.0,10.0
41.0,71.0
39.0,61.0
0.0,0.0
11.0,0.0
11.0,0.0
11.0,0.0
0.0,0.0
0.0,0.0
0.0,0.0
0.0,0.0
0.0,0.0
0.0,0.0
0.0,0.0
0.0,0.0
0.0,0.0
5.0,0.0
25.0,0.0
5.0,55.0
6.8,38.8
5.0,0.0
5.0,0.0
5.0,0.0
5.0,0.0
5.0,0.0
55.0,0.0
5.0,0.0
55.0,0.0
5.0,0.0
5.0,0.0
5.0,0.0
0.0,0.0
0.0,0.0
0.0,0.0
0.0,0.0
0.0,30.0
0.0,30.0
0.0,62.4
0.0,45.6
1.0,60.1
25.0,0.0
20.0,0.0
10.0,0.0
0.0,0.0
0.0,0.0
0.0,0.0
0.0,0.0
0.0,0.0
0.0,0.0
0.0,0.0
20.0,0.0
56.1,0.0
32.2,0.0
0.0,0.0
20.0,0.0
0.0,0.0
0.0,0.0
0.0,0.0
0.0,0.0
0.0,0.0
0.0,0.0
0.0,51.0
0.0,0.0
0.0,0.0
0.0,9.0
0.0,0.0
0.0,0.0
0.0,0.0
0.0,0.0
0.0,0.0
0.0,0.0
0.0,0.0
0.0,0.0
30.0,71.0
0.0,67.6
0.0,40.0
90.0,77.0
30.0,53.0
0.0,0.0
0.0,0.0
0.0,0.0
0.0,0.0
0.0,0.0
0.0,0.0
0.0,0.0
0.0,0.0
0.0,0.0
0.0,0.0
0.0,0.0
0.0,0.0
1.0,1.0
0.0,1.0
0.0,1.0
0.0,1.0
0.0,1.0
0.0,1.0
0.0,40.0
1.0,0.0
1.0,0.0
1.0,10.0
8.0,10.0
0.0,0.0
0.0,0.0
0.0,
0.0,
0.0,
0.0,
0.0,
0.0,
0.0,
0.0,
0.0,
0.0,
12.0,
0.0,
0.0,
0.0,
0.0,
0.0,
0.0,
0.0,
0.0,
0.0,
13.6,
130.3,
1.0,
1.0,
0.0,0.0
0.0,0.0
0.0,0.0
0.0,0.0
0.0,0.0
0.0,0.0
0.0,10.0
0.0,51.0
0.0,0.0
0.0,0.0
0.0,0.0
0.0,5.0
1.0,5.0
1.0,5.0
1.0,5.0
1.0,5.0
1.0,5.0
1.0,5.0
0.0,0.0
0.0,0.0
0.0,0.0
0.0,0.0
38.2,0.0
1.0,0.0
0.0,0.0
0.0,0.0
0.0,0.0
0.0,0.0
0.0,0.0
0.0,0.0
0.0,0.0
0.0,0.0
0.0,0.0
0.0,0.0
1.0,0.0
0.0,0.0
0.0,0.0
0.0,0.0
0.0,0.0
0.0,0.0
0.0,0.0
0.0,0.0
0.2,24.5
0.0,0.0
0.0,51.1
0.0,51.1
0.0,1.0
0.0,1.0
0.0,
0.0,
0.0,
0.0,
0.0,
0.0,
0.0,
0.0,
0.0,
0.0,
0.0,
0.0,
0.0,
0.0,
0.0,
0.0,
0.0,
0.0,
1.0,
0.0,
0.0,
0.0,
0.0,
0.0,
,
,
,
,
,
,
,
,
,
,
,
,
,
,
,
,
,
,
,
,
,
,
,
,
0.0,0.0
0.0,0.0
0.0,0.0
0.0,0.0
1.0,0.0
1.0,0.0
0.0,0.0
0.0,0.0
0.0,0.0
0.0,0.0
0.0,1.0
0.0,1.0
0.0,5.0
0.0,5.0
0.0,0.0
0.0,0.0
0.0,0.0
0.0,0.0
0.0,0.0
0.0,0.0
0.0,0.0
0.0,0.0
0.0,0.0
0.0,0.0
0.0,0.0
0.0,0.0
0.0,0.0
0.0,0.0
0.0,0.0
0.0,0.0
2.0,1.0
0.0,1.0
0.0,9.9
0.0,9.9
3.0,11.9
3.0,11.9
0.0,9.9
0.0,9.9
0.0,9.9
0.0,9.9
0.0,9.9
0.0,9.9
0.0,9.9
0.0,0.0
0.0,0.0
0.0,0.0
0.0,0.0
0.0,0.0
,0.0
,0.0
,0.0
,0.0
,4.9
,4.9
,1.0
,1.0
,0.0
,0.0
,0.0
,0.0
,0.0
,0.0
,0.0
,0.0
,0.0
,0.0
,0.0
,0.0
,0.0
,0.0
,0.0
,0.0
0.0,
0.0,
0.0,
0.0,
0.0,
0.0,
0.0,
0.0,
0.0,
0.0,
0.0,
0.0,
0.0,
0.0,
0.0,
0.0,
1.0,
1.0,
0.0,
0.0,
0.0,
0.0,
0.0,
0.0,
0.0,
0.0,
0.0,
0.0,
0.0,
0.0,
0.0,
0.0,
0.0,
0.0,
0.0,
0.0,
0.0,
0.0,
0.0,
0.0,
1.0,
1.0,
1.0,
1.0,
0.0,
0.0,
0.0,
1.0,
,
,
,
,
,
,
,
,
,
,
,
,
,
,
,
,
,
,
,
,
,
,
,
,
0.0,
0.0,
0.0,
0.0,
1.0,
1.0,
1.0,
1.0,
0.0,
0.0,
10.0,
10.0,
10.0,
10.0,
10.0,
10.0,
10.0,
10.0,
0.0,
0.0,
0.0,
10.0,
10.0,
10.0,
10.0,0.0
0.0,0.0
0.0,0.0
0.0,0.0
0.0,0.0
0.0,0.0
0.0,0.0
0.0,0.0
0.0,0.0
0.0,0.0
0.0,0.0
0.0,0.0
0.0,0.0
0.0,5.0
0.0,10.7
0.0,0.0
0.0,50.8
5.0,105.8
0.0,110.5
0.0,60.6
0.0,155.8
0.0,51.0
0.0,0.0
1.0,0.0
13.0,0.0
13.0,0.0
14.0,0.0
14.0,0.0
1.0,2.0
1.0,1.0
13.0,0.0
13.0,20.0
13.0,18.0
13.0,15.0
0.0,0.0
0.0,13.0
6.0,10.0
6.0,11.0
90.0,13.0
90.0,10.0
0.0,5.0
6.0,0.0
6.0,35.0
6.0,35.0
6.0,15.0
6.0,15.0
7.0,0.0
8.0,0.0
0.0,0.0
0.0,0.0
0.0,0.0
0.0,0.0
1.0,0.0
1.0,0.0
10.0,0.0
10.0,10.0
0.0,0.0
0.0,0.0
0.0,20.0
0.0,45.0
0.0,0.0
2.0,0.0
1.0,5.0
0.0,0.0
0.0,0.0
0.0,0.0
0.0,0.0
0.0,0.0
0.0,0.0
0.0,0.0
0.0,0.0
0.0,0.0
0.0,0.0
0.0,0.0
0.0,0.0
0.0,0.0
0.0,0.0
0.0,0.0
6.0,4.9
4.6,4.9
0.0,0.0
0.0,0.0
2.0,0.0
0.0,0.0
1.0,0.0
1.0,0.0
1.0,0.0
1.0,0.0
0.0,0.0
0.0,0.0
0.0,0.0
0.0,0.0
0.0,0.0
0.0,0.0
0.0,0.0
0.0,1.0
0.0,0.0
0.0,0.0
0.0,0.0
0.0,0.0
1.0,1.4
1.0,1.4
0.0,1.0
0.0,1.0
0.0,0.0
0.0,0.0
1.0,0.0
1.0,0.0
1.0,0.0
1.0,0.0
0.0,0.0
0.0,0.0
1.0,0.0
0.0,0.0
0.0,0.0
0.0,0.0
0.0,0.0
0.0,0.0
0.0,0.0
0.0,0.0
0.0,8.0
0.0,8.0
0.0,8.0
0.0,8.0
0.0,8.0
0.0,0.0
0.0,8.0
0.0,8.0
0.0,8.0
0.0,8.0
1.0,8.0
1.0,8.0
0.0,0.0
0.0,0.0
0.0,0.0
0.0,0.0
0.0,0.0
0.0,0.0
0.0,0.0
0.0,0.0
0.0,0.0
0.0,0.0
0.0,0.0
0.0,0.0
0.0,25.0
0.0,0.0
0.0,1.0
0.0,1.0
2.0,3.0
2.0,3.0
0.0,1.0
0.0,1.0
0.0,0.0
0.0,0.0
0.0,1.0
0.0,1.0
0.0,1.0
0.0,1.0
0.0,0.0
0.0,0.0
0.0,0.0
0.0,0.0
0.0,0.0
0.0,0.0
0.0,0.0
0.0,0.0
0.0,0.0
0.0,0.0
0.0,0.0
0.0,0.0
0.0,0.0
0.0,0.0
1.0,0.0
1.0,0.0
0.0,1.0
0.0,1.0
0.0,0.0
0.0,0.0
0.0,51.0
6.0,51.0
6.0,0.0
6.0,0.0
6.0,0.0
6.0,0.0
15.0,0.0
8.1,0.0
6.0,0.0
9.0,0.0
7.0,26.0
7.0,1.0
6.0,1.0
0.0,0.0
0.0,0.0
0.0,0.0
1.0,0.0
1.0,0.0
1.0,0.0
1.0,0.0
0.0,0.0
0.0,0.0
0.0,0.0
0.0,0.0
0.0,0.0
0.0,0.0
0.0,0.0
0.0,0.0
0.0,0.0
0.0,0.0
12.0,0.0
12.0,0.0
12.0,0.0
12.0,0.0
0.0,0.0
12.0,0.0
12.0,30.0
12.0,53.8
27.0,0.0
29.2,0.0
12.0,0.0
0.0,75.0
12.0,75.0
12.0,75.0
12.1,0.0
0.0,0.0
12.0,0.0
0.1,0.0
7.0,0.0
0.0,0.0
12.0,0.0
29.0,0.0
26.0,10.0
19.0,10.0
7.0,10.0
19.0,0.0
12.0,0.0
12.0,0.0
12.0,0.0
12.0,0.0
12.0,0.0
12.0,0.0
,1.0
,1.0
,1.0
,1.0
,1.0
,1.0
,1.0
,1.0
,0.0
,0.0
,0.0
,0.0
,0.0
,0.0
,0.0
,0.0
,0.0
,0.0
,0.0
,0.0
,0.0
,0.0
,0.0
,0.0
0.0,0.0
0.0,0.0
0.0,0.0
0.0,0.0
1.0,0.0
1.0,0.0
0.0,0.0
1.0,0.0
0.0,0.0
12.2,0.0
0.0,12.0
0.0,0.0
12.0,12.0
0.0,12.0
0.0,12.0
0.0,0.0
0.0,12.0
0.0,12.0
0.0,5.0
0.0,17.0
0.0,17.0
0.0,17.0
0.0,17.0
0.0,12.0
,0.0
,0.0
,0.0
,0.0
,0.0
,0.0
,0.0
,0.0
,0.0
,0.0
,0.0
,0.0
,0.0
,0.0
,0.0
,0.0
,2.0
,1.0
,0.0
,0.0
,1.0
,0.0
,0.0
,0.0
0.0,
0.0,
0.0,
0.0,
0.0,
0.0,
0.0,
0.0,
0.0,
0.0,
1.0,
1.0,
0.0,
0.0,
0.0,
0.0,
0.0,
0.0,
0.0,
0.0,
0.0,
0.0,
0.0,
0.0,
0.0,
0.0,
0.0,
0.0,
0.0,
0.0,
0.0,
0.0,
0.0,
0.0,
0.0,
90.0,
0.0,
0.0,
0.0,
70.0,
50.0,
0.0,
0.0,
0.0,
0.0,
0.0,
0.0,
1.0,
0.0,0.0
0.0,0.0
0.0,0.0
0.0,0.0
0.0,0.0
0.0,0.0
0.0,0.0
0.0,0.0
0.0,0.0
0.0,0.0
0.0,0.0
0.0,0.0
0.0,0.0
0.0,0.0
0.0,0.0
0.0,0.0
0.0,0.0
0.0,0.0
0.0,0.0
0.0,0.0
0.0,0.0
0.0,0.0
10.0,10.0
10.0,10.0
0.0,
0.0,
0.0,
0.0,
0.0,
15.0,
15.0,
15.0,
15.0,
0.0,
15.0,
15.0,
0.0,
0.0,
0.0,
0.0,
0.0,
0.0,
0.0,
0.0,
0.0,
0.0,
0.0,
0.0,
0.0,0.0
0.0,0.0
0.0,0.0
0.0,0.0
0.0,0.0
0.0,0.0
0.0,0.0
0.0,0.0
0.0,0.0
0.0,0.0
1.0,0.0
1.0,0.0
1.0,0.0
1.0,0.0
0.0,0.0
0.0,0.0
0.0,0.0
0.0,0.0
0.0,31.3
0.0,31.3
0.0,0.0
0.0,0.0
0.0,0.0
0.0,0.0
0.0,
0.0,
0.0,
0.0,
0.0,
0.0,
1.0,
1.0,
0.0,
0.0,
0.0,
0.0,
0.0,
0.0,
0.0,
0.0,
0.0,
0.0,
0.0,
0.0,
0.0,
0.0,
0.0,
0.0,
0.0,70.0
0.0,70.0
15.0,73.0
13.0,70.0
13.0,70.0
13.0,70.0
13.0,70.0
13.0,70.0
13.0,0.0
13.0,0.0
1.0,0.0
1.0,0.0
0.0,0.0
0.0,0.0
0.0,0.0
0.0,0.0
1.0,1.0
1.0,1.0
0.0,0.0
0.0,0.0
0.0,0.0
0.0,0.0
0.0,0.0
0.0,0.0
14.0,0.0
10.0,0.0
8.0,0.0
0.0,0.0
2.0,1.0
2.0,1.0
0.0,1.0
0.0,1.0
0.0,0.0
0.0,0.0
0.0,0.0
0.0,0.0
0.0,0.0
0.0,0.0
0.0,0.0
0.0,0.0
0.0,0.0
0.0,0.0
0.0,0.0
0.0,0.0
0.0,0.0
0.0,0.0
0.0,0.0
0.0,0.0
1.0,0.0
0.0,0.0
0.0,10.0
0.0,10.0
10.0,35.0
10.0,35.0
0.0,35.0
0.0,35.0
0.0,0.0
0.0,18.0
0.0,0.0
0.0,0.0
9.0,0.0
0.0,0.0
0.0,0.0
0.0,0.0
1.0,2.0
16.0,1.0
0.0,51.0
0.0,51.0
0.0,46.0
15.0,0.0
15.0,5.0
0.0,5.0
0.0,0.0
15.0,0.0
15.0,0.0
15.0,0.0
15.0,30.0
15.0,30.0
0.0,0.0
0.0,0.0
15.0,0.0
15.0,0.0
1.0,50.4
16.0,50.4
0.0,0.0
0.0,0.0
15.0,0.0
0.0,0.0
49.0,0.0
25.0,0.0
20.6,56.6
20.6,56.6
16.0,0.0
1.0,0.0
10.9,0.0
15.0,0.0
1.0,0.0
15.0,0.0
15.0,0.0
15.0,0.0
10.0,36.0
12.0,36.0
15.0,1.0
15.0,1.0
15.0,0.0
15.0,0.0
0.0,30.0
0.0,20.0
0.0,10.0
0.0,227.1
0.0,100.2
0.0,10.0
0.0,0.0
0.0,0.0
0.0,0.0
0.0,0.0
0.0,0.0
0.0,0.0
0.0,0.0
0.0,0.0
1.0,0.0
1.0,0.0
0.0,0.0
0.0,0.0
0.0,5.0
0.0,5.0
0.0,0.0
0.0,0.0
0.0,0.0
0.0,0.0
0.0,0.0
0.0,0.0
0.0,0.0
0.0,0.0
1.0,15.0
1.0,0.0
0.0,190.6
0.0,132.0
0.0,0.0
0.0,0.0
14.0,0.0
0.0,0.0
0.0,0.0
0.0,0.0
0.0,0.0
0.0,0.0
0.0,0.0
0.0,0.0
0.0,0.0
13.0,0.0
27.0,0.0
15.0,0.0
15.0,25.0
7.0,0.0
0.0,0.0
15.0,99.3
0.0,0.0
0.0,0.0
1.0,0.0
1.0,0.0
22.0,0.0
17.0,0.0
1.0,0.0
0.0,0.0
20.0,0.0
20.0,94.5
20.0,0.0
20.0,0.0
0.0,0.0
0.0,0.0
0.0,0.0
0.0,0.0
0.0,0.0
0.0,0.0
0.0,0.0
0.0,0.0
0.0,0.0
1.0,0.0
2.0,0.0
2.0,0.0
15.0,0.0
15.0,0.0
15.0,15.0
0.0,0.0
0.0,0.0
0.0,0.0
0.0,0.0
95.0,0.0
1.0,0.0
1.0,0.0
1.0,0.0
1.0,0.0
0.0,0.0
0.0,0.0
0.0,0.0
0.0,0.0
0.0,0.0
0.0,1.0
0.0,1.0
0.0,0.0
0.0,0.0
0.0,0.0
0.0,0.0
0.0,10.0
0.0,10.0
0.0,0.0
0.0,0.0
0.0,0.0
0.0,0.0
0.0,0.0
0.0,0.0
0.0,0.0
0.0,0.0
0.0,0.0
0.0,0.0
0.0,0.0
0.0,0.0
0.0,0.0
0.0,0.0
0.0,0.0
0.0,0.0
1.4,0.0
0.0,0.0
0.0,0.0
0.0,0.0
0.0,0.0
0.0,15.0
0.0,20.0
0.0,15.0
0.0,15.0
0.0,0.0
22.0,0.0
34.5,0.0
72.6,0.0
35.0,0.0
69.0,16.0
44.0,0.0
0.0,0.0
0.0,0.0
0.0,0.0
0.0,0.0
0.0,0.0
0.0,0.0
0.0,0.0
0.0,0.0
0.0,0.0
0.0,0.0
0.0,0.0
0.0,1.0
0.0,0.0
0.0,90.0
1.0,0.0
0.0,0.0
0.0,0.0
0.0,0.0
50.0,0.0
0.0,0.0
0.0,51.0
0.0,51.0
0.0,58.2
0.0,58.2
1.0,32.5
0.0,0.0
0.0,0.0
0.0,0.0
1.0,0.0
1.0,0.0
0.0,0.0
0.0,0.0
1.0,0.0
0.0,0.0
0.0,0.0
0.0,0.0
0.0,0.0
0.0,0.0
0.0,0.0
0.0,0.0
0.0,1.0
0.0,1.0
0.0,0.0
130.1,0.0
15.0,0.0
0.0,0.0
15.0,0.0
15.0,83.0
15.0,0.0
15.0,0.0
15.0,0.0
15.0,0.0
,0.0
,0.0
,0.0
,0.0
,0.0
,0.0
,0.0
,10.0
,0.0
,0.0
,0.0
,0.0
,0.0
,0.0
,0.0
,0.0
,0.0
,0.0
,0.0
,0.0
,0.0
,0.0
,0.0
,0.0
16.0,
16.0,
16.0,
16.0,
1.0,
0.0,
0.0,
0.0,
0.0,
0.0,
0.0,
0.0,
0.0,
0.0,
0.0,
0.0,
0.0,
0.0,
0.0,
0.0,
8.0,
0.0,
0.0,
8.0,
8.0,0.0
8.0,0.0
9.0,0.0
9.0,0.0
9.0,2.0
9.0,2.0
9.0,2.0
9.0,2.0
0.0,0.0
0.0,0.0
0.0,0.0
0.0,0.0
0.0,18.0
0.0,20.0
20.0,0.0
166.9,0.0
91.5,0.0
75.0,0.0
0.0,0.0
0.0,0.0
0.0,0.0
0.0,0.0
0.0,0.0
0.0,0.0
0.0,0.0
0.0,0.0
0.0,0.0
0.0,0.0
0.0,0.0
0.0,0.0
0.0,0.0
0.0,0.0
0.0,0.0
30.0,0.0
30.0,69.2
23.0,0.0
42.0,0.0
60.0,65.0
40.0,22.0
0.0,19.0
0.0,0.0
0.0,0.0
0.0,0.0
0.0,0.0
0.0,0.0
0.0,0.0
0.0,0.0
0.0,0.0
0.0,0.0
0.0,0.0
0.0,0.0
0.0,0.0
0.0,0.0
0.0,0.0
0.0,0.0
0.0,0.0
0.0,0.0
0.0,0.0
1.0,0.0
1.0,0.0
1.0,0.0
1.0,10.0
10.0,10.0
5.0,0.0
5.0,0.0
5.0,0.0
5.0,0.0
5.0,0.0
5.0,0.0
5.0,0.0
5.0,0.0
5.0,0.0
0.0,0.0
0.0,0.0
0.0,0.0
0.0,0.0
0.0,101.0
0.0,101.0
0.0,51.0
0.0,51.0
0.0,0.0
0.0,0.0
1.5,0.0
21.0,5.0
85.8,5.0
66.0,5.0
60.0,35.0
30.0,0.0
65.5,1.0
15.0,1.0
0.0,95.0
0.0,95.0
0.0,94.6
0.0,0.0
0.0,0.0
0.0,0.0
0.0,0.0
0.0,0.0
0.0,0.0
0.0,0.0
0.0,0.0
0.0,0.0
0.0,0.0
0.0,0.0
0.0,0.0
0.0,0.0
152.2,64.7
152.2,131.0
152.2,75.0
152.2,85.0
152.2,138.8
152.2,180.6
0.0,51.0
0.0,30.0
0.0,0.0
0.0,0.0
0.0,0.0
0.0,0.0
0.0,0.0
0.0,0.0
0.0,0.0
0.0,0.0
0.0,0.0
0.0,0.0
27.0,47.7
51.9,60.4
1.0,11.0
164.0,11.0
315.7,38.0
208.6,215.0
155.0,319.0
121.6,312.0
0.0,202.1
85.0,137.2
10.0,75.0
10.0,78.0
5.0,1.0
0.0,30.0
0.0,158.7
0.0,62.8
0.0,133.0
11.6,205.6
0.0,57.4
10.0,0.0
0.0,0.0
15.0,0.0
24.0,0.0
48.5,0.0
32.2,20.0
36.5,20.0
0.0,0.0
0.0,0.0
10.0,0.0
10.0,200.0
0.0,200.0
10.0,86.1
10.0,140.0
0.0,0.0
0.0,5.0
0.0,5.0
0.0,30.0
0.0,60.0
1.0,43.1
0.0,110.9
0.0,96.0
0.0,258.4
0.0,140.2
0.0,305.9
,14.2
,10.1
,17.2
,16.0
,0.0
,0.0
,0.0
,50.0
,0.0
,0.0
,1.0
,1.0
,0.0
,0.0
,0.0
,0.0
,0.0
,0.0
,0.0
,0.0
,0.0
,0.0
,0.0
,0.0
0.0,0.0
0.0,150.1
0.0,0.0
0.0,0.0
0.0,8.0
0.0,10.0
0.0,8.0
0.0,9.0
0.0,8.0
0.0,5.0
0.0,0.0
0.0,0.0
0.0,0.0
0.0,0.0
0.0,0.0
0.0,0.0
0.0,0.0
0.0,0.0
0.0,0.0
0.0,0.0
0.0,151.1
0.0,30.0
0.0,0.0
50.0,0.0
0.0,0.0
0.0,0.0
0.0,0.0
0.0,0.0
1.0,52.0
1.0,52.0
0.0,1.0
0.0,1.0
0.0,0.0
0.0,0.0
0.0,0.0
0.0,0.0
0.0,10.0
0.0,10.0
0.0,10.0
0.0,0.0
10.0,1.0
10.0,0.0
10.0,0.0
0.0,0.0
0.0,0.0
0.0,0.0
0.0,0.0
0.0,0.0
0.0,
0.0,
0.0,
0.0,
1.0,
1.0,
0.0,
0.0,
0.0,
0.0,
100.0,
0.0,
0.0,
10.0,
10.0,
0.0,
12.0,
12.0,
12.0,
12.0,
12.0,
12.0,
15.0,
15.0,
15.0,49.7
45.3,36.9
15.0,78.1
15.0,56.0
15.0,15.1
10.0,0.0
4.1,0.0
5.0,30.0
10.0,0.0
10.0,0.0
0.0,0.0
0.0,0.0
110.0,0.0
10.0,0.0
10.0,0.0
10.0,0.0
10.0,1.0
135.0,1.0
10.0,0.0
10.0,0.0
10.0,0.0
10.0,0.0
15.0,50.0
15.0,0.0
0.0,
0.0,
0.0,
0.0,
1.0,
1.0,
0.0,
0.0,
0.0,
0.0,
0.0,
0.0,
10.0,
10.0,
10.0,
10.0,
11.2,
10.0,
10.0,
10.0,
20.0,
20.0,
20.0,
20.0,
0.0,
0.0,
10.0,
10.0,
10.0,
0.0,
0.0,
10.0,
10.0,
0.0,
9.0,
0.0,
9.0,
0.0,
0.0,
4.6,
9.0,
9.0,
5.2,
9.0,
9.0,
9.0,
9.0,
9.0,
0.0,
15.0,
15.0,
15.0,
15.0,
15.0,
10.0,
0.0,
10.8,
10.0,
10.0,
10.0,
0.0,
10.0,
10.0,
10.0,
10.0,
10.0,
10.0,
10.0,
10.0,
105.4,
10.0,
10.0,
0.0,0.0
0.0,0.0
0.0,0.0
0.0,0.0
125.0,25.0
100.0,25.0
0.0,45.0
0.0,0.0
10.7,104.0
20.9,193.0
0.0,191.4
46.0,24.6
45.8,0.0
0.0,0.0
19.4,0.0
12.9,0.0
34.0,0.0
0.0,0.0
0.0,0.0
0.0,0.0
0.0,0.0
0.0,0.0
0.0,0.0
0.0,0.0
,0.0
,0.0
,0.0
,0.0
,0.0
,0.0
,0.0
,0.0
,0.0
,0.0
,1.0
,1.0
,0.0
,0.0
,0.0
,0.0
,1.0
,13.7
,0.0
,0.0
,0.0
,0.0
,95.0
,0.0
,
,
,
,
,
,
,
,
,
,
,
,
,
,
,
,
,
,
,
,
,
,
,
,
0.0,0.0
0.0,0.0
0.0,0.0
0.0,0.0
0.0,0.0
0.0,0.0
0.0,0.0
0.0,0.0
0.0,0.0
0.0,0.0
0.0,0.0
344.3,0.0
344.3,0.0
344.3,0.0
200.0,0.0
0.0,0.0
0.0,0.0
0.0,0.0
0.0,10.0
0.0,0.0
0.0,0.0
0.0,0.0
0.0,0.0
0.0,0.0
0.0,0.0
0.0,0.0
0.0,0.0
0.0,0.0
0.0,0.0
0.0,0.0
0.3,1.0
190.0,1.0
190.0,1.0
0.0,1.0
0.0,1.0
0.0,1.0
206.0,1.0
246.0,1.0
246.0,0.0
206.0,0.0
0.0,0.0
0.0,0.0
20.0,0.0
12.2,0.0
14.9,8.3
8.0,0.0
18.0,10.0
18.0,10.0
8.0,
8.0,
8.0,
8.0,
8.0,
8.0,
0.0,
8.0,
8.0,
8.0,
8.0,
8.0,
8.0,
8.0,
8.0,
8.0,
8.0,
8.0,
8.0,
8.0,
8.0,
8.0,
8.0,
8.0,
,0.0
,0.0
,0.0
,0.0
,220.3
,225.1
,124.4
,93.8
,0.0
,0.0
,0.0
,0.0
,0.0
,0.0
,0.0
,0.0
,0.0
,0.0
,0.0
,0.0
,0.0
,0.0
,0.0
,0.0
0.0,0.0
0.0,0.0
0.0,0.0
0.0,0.0
0.0,0.0
0.0,0.0
0.0,0.0
0.0,0.0
0.0,0.0
0.0,0.0
0.0,0.0
0.0,0.0
0.0,0.0
33.5,0.0
0.0,0.0
0.0,0.0
0.0,0.0
0.0,0.0
37.7,3.1
6.8,0.0
36.5,180.4
0.0,330.4
0.0,75.0
0.0,62.2
0.0,
0.0,
0.0,
0.0,
0.0,
0.0,
0.0,
0.0,
150.0,
150.0,
0.0,
0.0,
0.0,
0.0,
0.0,
0.0,
0.0,
0.0,
0.0,
0.0,
0.0,
0.0,
42.0,
38.4,
25.0,0.0
24.0,0.0
0.0,0.0
0.0,0.0
0.0,0.0
0.0,0.0
0.0,0.0
50.0,0.0
0.0,0.0
0.0,0.0
0.0,0.0
0.0,0.0
0.0,0.0
0.0,0.0
0.0,0.0
0.0,0.0
0.0,0.0
0.0,0.0
0.0,0.0
0.0,0.0
0.0,0.0
0.0,0.0
0.0,0.0
0.5,17.3
0.5,0.5
0.5,0.5
0.5,0.5
2.5,2.5
0.5,0.5
0.5,0.5
2.2,2.2
2.0,2.0
1.5,1.0
0.5,0.5
0.5,0.0
217.6,0.0
1.5,1.0
0.5,0.5
3.0,2.5
2.5,2.5
3.5,3.5
0.5,0.5
0.5,0.5
1.5,124.0
2.0,2.0
3.5,3.5
2.0,2.5
2.5,3.0
2.0,2.0
1.0,1.0
0.5,0.5
0.5,0.0
0.5,0.5
0.0,0.5
2.0,2.5
0.5,1.0
0.5,1.0
0.5,0.5
2.0,2.0
2.0,1.5
1.5,238.0
0.5,0.0
0.5,0.0
1.5,1.5
0.5,1.0
0.5,0.5
1.0,1.0
1.0,1.0
0.0,0.0
1.5,1.5
2.0,2.0
1.5,1.5
0.0,0.0
1.0,1.0
0.5,1.0
1.0,1.0
1.0,1.0
0.5,1.0
3.8,3.8
3.0,3.0
0.6,0.6
177.1,0.5
0.5,0.5
2.0,2.0
11.6,11.6
0.5,0.0
83.7,0.0
150.5,0.0
111.8,3.5
1.5,1.0
2.5,2.5
1.1,0.6
2.5,2.5
7.1,7.1
4.4,4.4
1.5,1.5
2.5,2.5
0.0,0.5
1.0,1.5
0.0,0.5
1.0,1.0
1.5,1.5
2.5,2.5
0.5,1.0
2.0,2.0
2.0,2.0
1.1,1.1
2.0,2.0
1.5,1.5
1.5,1.5
2.5,2.5
1.5,20.5
1.5,1.5
1.0,1.0
2.0,2.0
4.0,4.0
2.0,2.0
2.3,2.3
2.3,2.3
2.5,2.5
1.5,1.5
1.5,1.5
1.0,6.5
1.0,7.0
1.5,9.5
5.6,12.6
0.0,5.5
0.5,3.0
2.0,1.0
7.9,2.0
8.6,0.5
1.0,1.0
6.5,0.5
6.0,1.0
7.5,2.5
6.0,2.0
11.5,3.5
11.5,2.0
14.7,4.7
12.5,2.5
0.6,0.5
12.0,4.0
9.5,6.5
2.4,2.4
0.5,0.5
1.0,1.0
0.5,0.5
0.6,0.1
1.5,1.0
4.1,4.6
3.0,3.5
1.0,1.5
1.0,1.0
1.5,1.5
0.5,0.5
0.0,0.0
0.5,0.0
16.8,1.0
0.5,0.5
1.0,1.0
0.7,0.7
0.5,1.0
0.5,0.5
0.0,0.0
0.5,0.5
2.6,2.6
4.9,41.9
2.5,257.4
1.5,1.5
0.0,0.0
0.5,0.0
0.5,0.5
0.5,0.0
0.5,0.0
2.1,2.1
3.0,3.0
2.5,3.0
4.3,4.3
2.3,1.8
2.5,2.0
3.7,3.2
1.0,0.5
2.0,1.5
2.5,2.0
2.0,1.5
1.5,1.5
0.5,0.5
0.5,0.5
0.5,0.5
1.1,1.1
0.5,0.5
2.0,1.5
1.0,1.0
0.0,0.0
0.0,0.0
4.5,4.5
2.0,1.5
5.7,5.7
0.5,0.5
3.5,3.5
4.1,4.1
2.0,2.0
0.5,0.0
0.5,0.0
0.0,20.5
0.5,0.5
111.3,1.5
16.4,202.5
0.1,11.2
1.1,2.2
5.6,8.4
5.5,0.5
35.4,0.5
67.6,3.0
4.2,29.2
1.5,249.5
0.5,109.5
0.7,87.3
0.7,95.7
0.8,39.6
0.7,85.5
0.3,0.3
0.2,0.2
0.5,0.4
0.7,14.8
0.1,19.8
22.2,0.1
0.2,0.2
0.0,100.1
7.1,69.2
0.0,178.0
0.5,8.0
127.1,0.1
311.1,0.1
0.0,78.4
109.2,0.2
40.7,50.3
7.1,30.1
7.2,1.5
7.3,38.4
7.1,25.0
7.1,77.0
0.0,83.1
0.1,43.4
10.1,0.0
10.1,0.0
5.2,0.1
10.3,90.3
27.4,20.1
10.4,0.4
10.1,6.8
0.2,29.2
0.1,22.2
60.0,0.2
57.1,0.0
2.8,0.2
0.4,65.9
0.1,46.6
1.3,157.5
0.8,156.9
0.6,88.6
0.2,0.2
1.1,5.4
0.3,39.2
0.0,20.0
0.1,54.2
0.1,24.2
0.1,11.1
0.2,15.3
0.1,25.7
0.1,9.7
0.1,131.3
0.0,50.0
0.2,0.1
0.5,152.6
0.2,0.2
0.2,0.3
0.1,0.1
0.2,57.2
0.1,20.1
0.2,0.2
0.3,0.2
0.3,35.3
0.7,15.7
0.2,50.3
0.6,27.1
0.7,31.5
0.4,89.9
0.1,0.2
0.1,14.1
0.0,0.0
0.1,0.1
5.1,0.0
15.1,0.0
1.4,1.4
0.0,20.0
0.1,0.1
0.3,0.2
0.1,0.1
0.1,0.1
0.1,0.1
0.4,0.4
0.2,0.2
0.3,0.3
0.2,17.2
0.0,0.0
21.1,15.2
7.2,0.1
7.1,0.1
10.1,0.4
17.2,0.1
115.9,0.1
13.1,0.7
7.6,30.5
5.3,200.3
1.0,192.3
16.1,201.8
0.3,179.1
0.0,61.8
0.4,146.4
1.2,19.9
0.0,25.8
33.2,0.1
402.9,2.1
470.2,2.1
469.4,72.2
317.0,52.4
300.0,27.9
305.6,75.6
5.3,0.3
0.1,0.2
5.3,0.3
5.4,0.4
0.0,0.2
0.5,0.5
0.0,0.0
40.6,0.0
40.0,0.0
0.0,0.0
0.0,0.0
22.6,0.0
1.0,0.0
8.8,0.0
3.0,69.4
3.0,92.5
3.0,114.5
3.0,31.5
0.0,27.9
0.0,137.6
0.0,140.1
0.0,0.0
0.0,0.0
0.0,198.1
0.0,0.0
0.0,0.0
0.0,0.0
0.0,0.0
0.0,0.0
0.0,0.0
0.0,0.0
14.0,0.0
0.0,0.0
0.0,0.0
55.1,0.0
0.0,0.0
0.0,0.0
0.0,0.0
15.0,0.0
5.8,0.0
25.0,0.0
0.0,0.0
80.3,0.0
89.5,28.0
85.0,5.0
49.3,0.0
5.0,20.3
10.3,0.0
80.4,0.0
5.0,48.5
6.1,51.9
0.4,0.0
48.4,80.0
33.0,0.0
46.1,0.0
35.0,0.0
0.0,0.0
0.0,21.7
0.0,0.0
0.0,0.0
2.0,0.0
66.0,0.0
6.5,60.0
2.5,52.5
0.0,60.0
10.0,105.5
30.0,71.2
1.0,73.3
70.8,87.2
0.0,85.6
0.0,490.9
4.0,159.8
0.0,66.2
0.0,78.5
0.0,89.4
0.0,9.1
0.0,0.6
0.0,2.6
0.0,16.5
19.4,0.0
19.0,4.6
0.0,16.1
0.0,35.8
0.0,53.6
0.0,67.2
0.0,57.6
0.0,233.8
0.0,182.2
0.0,182.2
0.0,186.3
0.0,168.2
11.1,65.0
2.0,194.7
0.0,67.0
0.0,17.0
0.0,237.7
39.0,217.3
0.0,87.3
6.9,133.3
47.8,0.0
56.5,15.0
57.1,15.0
45.8,15.0
0.0,0.0
37.6,0.0
53.4,0.0
98.5,0.0
155.3,0.0
155.3,0.0
125.8,50.0
101.1,50.0
200.0,0.0
0.0,1.0
40.0,0.0
39.4,0.0
88.6,0.0
131.7,0.0
120.0,0.0
167.9,0.0
128.4,15.0
75.0,68.0
0.0,0.0
0.0,0.0
20.0,14.5
26.6,10.3
26.3,5.0
41.1,40.0
0.0,0.0
100.0,0.0
64.7,0.0
62.8,0.0
0.0,0.0
54.9,99.9
0.0,62.1
0.0,61.8
0.0,0.0
0.0,0.0
0.0,0.0
0.0,50.0
3.0,45.0
0.0,0.0
0.0,0.0
0.0,1.1
0.0,0.0
0.0,0.0
5.5,0.0
18.5,0.0
112.0,0.0
29.7,6.0
92.8,0.0
0.0,0.0
0.0,0.0
0.0,0.0
0.0,50.0
0.0,38.6
0.0,65.1
50.0,69.9
41.3,40.8
103.7,49.7
170.0,0.0
225.0,20.0
50.0,100.0
150.0,97.5
30.0,25.0
138.0,25.0
30.0,25.0
37.6,9.7
34.9,25.0
221.8,75.3
207.8,35.3
151.0,0.0
19.6,0.0
0.0,0.0
0.0,0.0
15.5,0.0
0.0,7.1
0.0,12.2
0.0,27.4
0.0,421.9
0.0,137.5
0.0,14.8
0.0,0.0
5.0,107.0
0.0,140.0
5.0,175.7
0.0,150.6
0.0,159.1
0.0,138.1
0.0,5.0
0.0,81.0
0.0,49.8
0.0,56.3
0.0,0.0
79.3,18.5
45.9,191.6
54.2,0.0
117.0,0.0
36.1,0.4
90.7,0.0
0.0,0.0
0.0,0.0
0.0,0.0
0.0,10.0
0.0,0.0
0.0,14.6
0.0,8.4
19.7,0.0
76.6,10.0
66.6,30.0
66.6,89.1
106.0,79.0
117.8,86.4
119.0,47.6
110.0,6.0
116.1,5.0
7.9,0.0
111.4,300.0
0.0,194.2
0.0,0.0
0.0,30.5
0.0,44.8
0.0,45.4
0.0,74.1
0.0,10.2
0.0,8.6
0.0,7.0
0.0,12.6
0.0,14.6
0.0,13.6
0.0,20.7
0.0,19.9
0.0,8.2
0.0,11.5
0.0,29.8
0.0,37.3
1.0,41.7
0.0,33.6
0.0,41.4
0.0,33.4
26.3,0.0
56.0,0.0
25.5,0.0
18.7,0.0
0.0,0.0
0.3,0.0
0.0,0.0
0.0,18.7
0.0,0.0
0.0,0.0
37.1,0.0
0.0,0.0
23.0,0.0
58.4,0.0
63.4,0.0
91.5,0.0
119.6,0.0
121.7,0.0
119.6,0.0
94.4,0.0
75.0,10.0
90.6,20.0
70.5,10.1
19.0,10.0
5.0,10.0
0.0,0.0
380.5,0.0
0.0,0.0
76.0,0.0
0.0,0.0
0.0,0.0
0.0,0.0
0.0,0.0
0.0,0.0
0.0,0.0
0.0,0.0
0.0,0.0
0.0,0.0
0.0,0.0
0.0,0.0
0.0,0.0
0.0,7.4
0.0,159.1
0.0,204.0
0.0,221.8
0.0,88.0
0.0,101.6
0.0,123.2
0.0,100.0
2.0,87.0
85.0,117.7
0.0,20.0
0.0,12.9
0.0,12.4
0.0,24.4
10.0,38.5
10.0,16.4
0.0,21.3
0.0,20.4
0.0,16.8
0.0,17.5
0.0,11.4
13.6,20.0
20.0,20.0
0.0,17.0
0.0,14.0
23.6,10.0
0.0,10.0
5.5,52.0
47.6,157.6
49.9,10.0
107.4,20.0
111.3,20.4
25.9,0.0
44.0,68.2
53.0,74.5
10.7,60.6
0.0,90.3
0.0,98.0
0.0,105.9
9.6,0.0
13.0,0.0
11.8,0.0
114.7,0.0
156.3,0.0
139.5,0.0
13.9,15.0
29.1,10.0
115.8,5.0
26.0,0.0
34.4,0.0
30.2,0.0
25.4,0.0
22.6,30.0
23.0,71.0
21.6,96.5
40.6,64.0
63.1,15.0
241.2,47.1
147.4,48.0
0.0,59.9
0.0,59.0
0.0,56.4
0.0,66.8
0.0,0.0
0.0,0.0
0.0,0.0
0.2,0.0
17.3,0.0
50.0,14.6
0.0,0.0
0.0,20.0
48.4,15.7
27.7,45.0
0.0,15.0
0.0,65.2
20.0,98.4
15.0,211.1
74.3,238.8
71.4,202.4
44.8,199.9
0.0,201.7
60.0,240.6
71.6,151.1
0.0,110.4
0.0,81.1
0.0,66.3
0.0,44.3
0.0,0.0
0.0,0.0
15.6,0.0
10.3,0.0
0.0,0.0
0.0,0.0
0.0,0.0
0.0,0.0
113.0,0.0
0.0,0.0
89.9,0.0
39.5,0.0
30.0,45.0
0.0,15.0
0.0,0.0
17.2,8.6
9.8,0.0
10.3,0.0
6.7,30.0
6.7,46.5
18.7,0.0
7.2,0.0
15.7,0.0
8.1,0.0
6.3,0.0
0.0,16.0
0.0,25.1
180.1,25.0
150.6,25.1
10.0,20.9
15.0,0.0
169.8,0.0
468.6,6.0
250.5,10.0
152.5,109.8
89.7,75.2
7.2,30.0
0.0,10.0
0.0,5.5
0.0,25.5
0.0,26.4
35.0,87.1
45.4,117.1
0.0,45.0
0.0,67.5
40.0,111.0
0.0,86.2
0.0,20.0
0.0,0.0
0.0,30.0
0.0,0.0
0.0,0.0
118.0,1.0
420.0,1.0
453.4,1.0
449.1,10.6
362.5,13.2
152.1,5.0
247.3,185.0
77.3,15.0
0.0,165.0
105.5,130.6
28.0,45.0
0.0,2.0
30.0,5.0
41.2,0.0
60.0,89.3
20.0,30.0
10.4,19.4
15.0,16.0
24.0,14.7
246.7,53.7
0.0,0.0
0.0,0.0
161.0,20.0
128.3,11.2
10.0,15.3
10.0,17.9
93.6,15.5
93.6,8.0
121.6,1.6
178.8,0.0
186.7,63.3
22.9,15.0
0.0,10.0
0.0,10.0
47.3,22.5
10.0,0.0
241.7,0.0
45.0,0.0
33.6,0.0
42.1,0.0
90.7,0.0
45.8,0.0
223.3,0.0
222.7,0.0
190.1,20.0
211.6,5.0
208.1,0.0
187.9,0.0
211.8,0.0
209.8,5.0
213.4,1.0
214.2,11.0
227.5,88.8
182.8,0.0
139.9,0.0
158.8,0.0
229.3,0.0
40.0,0.0
18.9,0.0
113.6,0.0
140.9,0.0
40.9,0.0
40.9,0.0
20.2,0.0
48.4,0.0
22.4,25.6
80.8,23.5
103.0,34.9
24.0,9.1
25.0,43.0
1.6,5.0
0.0,0.0
0.0,5.3
0.0,5.1
0.0,2.3
0.0,18.7
0.0,19.8
0.0,21.4
0.9,35.0
158.4,27.1
6.9,5.0
5.9,52.6
80.0,133.6
148.9,159.0
85.7,96.0
79.0,59.0
290.5,30.0
50.0,0.0
130.9,0.0
91.6,0.0
132.5,0.0
0.0,0.0
,
,
,
,
,
,
,
,
,
,
,
,
,
,
,
,
,
,
,
,
,
,
,
,
